use_case,species_id,botanical_name,common_name,candidate_status,candidate_reason,evidence_caveat,gap_count,score_readiness
boulevard,BCNPPD-0001,Achillea millefolium,Common Yarrow,candidate,Candidate because urban toughness is at least 4 and sun exposure includes sun.,Candidate view uses P6/P7 display fields; field-level use-case evidence remains in the P7 gap report.,5,not_ready
dry_sun,BCNPPD-0001,Achillea millefolium,Common Yarrow,candidate,Candidate because sun exposure includes sun and soil moisture includes dry.,Candidate view uses P6/P7 display fields; field-level use-case evidence remains in the P7 gap report.,5,not_ready
pollinator_support,BCNPPD-0001,Achillea millefolium,Common Yarrow,review_queue,Native PoC species should receive pollinator evidence review; this is not a PSI score.,Candidate view uses P6/P7 display fields; field-level use-case evidence remains in the P7 gap report.,5,not_ready
pollinator_support,BCNPPD-0055,Acmispon americanus,Spanish-clover,review_queue,Native PoC species should receive pollinator evidence review; this is not a PSI score.,Candidate view uses P6/P7 display fields; field-level use-case evidence remains in the P7 gap report.,5,not_ready
pollinator_support,BCNPPD-0056,Alaska oniongrass,Melica subulata,review_queue,Native PoC species should receive pollinator evidence review; this is not a PSI score.,Candidate view uses P6/P7 display fields; field-level use-case evidence remains in the P7 gap report.,5,not_ready
boulevard,BCNPPD-0011,Allium cernuum,Nodding Onion,candidate,Candidate because urban toughness is at least 4 and sun exposure includes sun.,Candidate view uses P6/P7 display fields; field-level use-case evidence remains in the P7 gap report.,5,not_ready
dry_sun,BCNPPD-0011,Allium cernuum,Nodding Onion,candidate,Candidate because sun exposure includes sun and soil moisture includes dry.,Candidate view uses P6/P7 display fields; field-level use-case evidence remains in the P7 gap report.,5,not_ready
pollinator_support,BCNPPD-0011,Allium cernuum,Nodding Onion,review_queue,Native PoC species should receive pollinator evidence review; this is not a PSI score.,Candidate view uses P6/P7 display fields; field-level use-case evidence remains in the P7 gap report.,5,not_ready
pollinator_support,BCNPPD-0057,American winter cress,Barbarea orthoceras,review_queue,Native PoC species should receive pollinator evidence review; this is not a PSI score.,Candidate view uses P6/P7 display fields; field-level use-case evidence remains in the P7 gap report.,5,not_ready
pollinator_support,BCNPPD-0021,Anaphalis margaritacea,Pearly Everlasting,review_queue,Native PoC species should receive pollinator evidence review; this is not a PSI score.,Candidate view uses P6/P7 display fields; field-level use-case evidence remains in the P7 gap report.,5,not_ready
pollinator_support,BCNPPD-0058,Antennaria howellii,Howell's Pussytoes,review_queue,Native PoC species should receive pollinator evidence review; this is not a PSI score.,Candidate view uses P6/P7 display fields; field-level use-case evidence remains in the P7 gap report.,5,not_ready
boulevard,BCNPPD-0005,Aquilegia formosa,Red Columbine,candidate,Candidate because urban toughness is at least 4 and sun exposure includes sun.,Candidate view uses P6/P7 display fields; field-level use-case evidence remains in the P7 gap report.,5,not_ready
shade,BCNPPD-0005,Aquilegia formosa,Red Columbine,candidate,Candidate because sun exposure includes shade.,Candidate view uses P6/P7 display fields; field-level use-case evidence remains in the P7 gap report.,5,not_ready
pollinator_support,BCNPPD-0005,Aquilegia formosa,Red Columbine,review_queue,Native PoC species should receive pollinator evidence review; this is not a PSI score.,Candidate view uses P6/P7 display fields; field-level use-case evidence remains in the P7 gap report.,5,not_ready
boulevard,BCNPPD-0017,Arctostaphylos uva-ursi,Kinnikinnick,candidate,Candidate because urban toughness is at least 4 and sun exposure includes sun.,Candidate view uses P6/P7 display fields; field-level use-case evidence remains in the P7 gap report.,5,not_ready
dry_sun,BCNPPD-0017,Arctostaphylos uva-ursi,Kinnikinnick,candidate,Candidate because sun exposure includes sun and soil moisture includes dry.,Candidate view uses P6/P7 display fields; field-level use-case evidence remains in the P7 gap report.,5,not_ready
pollinator_support,BCNPPD-0017,Arctostaphylos uva-ursi,Kinnikinnick,review_queue,Native PoC species should receive pollinator evidence review; this is not a PSI score.,Candidate view uses P6/P7 display fields; field-level use-case evidence remains in the P7 gap report.,5,not_ready
pollinator_support,BCNPPD-0059,Awl-fruited sedge,Carex stipata,review_queue,Native PoC species should receive pollinator evidence review; this is not a PSI score.,Candidate view uses P6/P7 display fields; field-level use-case evidence remains in the P7 gap report.,5,not_ready
pollinator_support,BCNPPD-0060,Barestem desert-parsley,Lomatium nudicaule,review_queue,Native PoC species should receive pollinator evidence review; this is not a PSI score.,Candidate view uses P6/P7 display fields; field-level use-case evidence remains in the P7 gap report.,5,not_ready
pollinator_support,BCNPPD-0061,Beach pea,Lathyrus japonicus,review_queue,Native PoC species should receive pollinator evidence review; this is not a PSI score.,Candidate view uses P6/P7 display fields; field-level use-case evidence remains in the P7 gap report.,5,not_ready
pollinator_support,BCNPPD-0062,Beaked sedge,Carex utriculata,review_queue,Native PoC species should receive pollinator evidence review; this is not a PSI score.,Candidate view uses P6/P7 display fields; field-level use-case evidence remains in the P7 gap report.,5,not_ready
pollinator_support,BCNPPD-0063,Bicoloured lupine,Lupinus bicolor,review_queue,Native PoC species should receive pollinator evidence review; this is not a PSI score.,Candidate view uses P6/P7 display fields; field-level use-case evidence remains in the P7 gap report.,5,not_ready
pollinator_support,BCNPPD-0064,Blue wildrye,Elymus glaucus,review_queue,Native PoC species should receive pollinator evidence review; this is not a PSI score.,Candidate view uses P6/P7 display fields; field-level use-case evidence remains in the P7 gap report.,5,not_ready
pollinator_support,BCNPPD-0065,Blue-eyed grass,Sisyrinchium idahoense,review_queue,Native PoC species should receive pollinator evidence review; this is not a PSI score.,Candidate view uses P6/P7 display fields; field-level use-case evidence remains in the P7 gap report.,5,not_ready
pollinator_support,BCNPPD-0066,Broad-leaved shootingstar,Primula hendersonii,review_queue,Native PoC species should receive pollinator evidence review; this is not a PSI score.,Candidate view uses P6/P7 display fields; field-level use-case evidence remains in the P7 gap report.,5,not_ready
pollinator_support,BCNPPD-0067,Broad-leaved stonecrop,Sedum spathulifolium,review_queue,Native PoC species should receive pollinator evidence review; this is not a PSI score.,Candidate view uses P6/P7 display fields; field-level use-case evidence remains in the P7 gap report.,5,not_ready
pollinator_support,BCNPPD-0068,California aster,Symphyotrichum chilense,review_queue,Native PoC species should receive pollinator evidence review; this is not a PSI score.,Candidate view uses P6/P7 display fields; field-level use-case evidence remains in the P7 gap report.,5,not_ready
pollinator_support,BCNPPD-0069,California brome,Bromus carinatus,review_queue,Native PoC species should receive pollinator evidence review; this is not a PSI score.,Candidate view uses P6/P7 display fields; field-level use-case evidence remains in the P7 gap report.,5,not_ready
pollinator_support,BCNPPD-0070,California oatgrass,Danthonia californica,review_queue,Native PoC species should receive pollinator evidence review; this is not a PSI score.,Candidate view uses P6/P7 display fields; field-level use-case evidence remains in the P7 gap report.,5,not_ready
boulevard,BCNPPD-0004,Camassia quamash,Common Camas,candidate,Candidate because urban toughness is at least 4 and sun exposure includes sun.,Candidate view uses P6/P7 display fields; field-level use-case evidence remains in the P7 gap report.,5,not_ready
rain_garden,BCNPPD-0004,Camassia quamash,Common Camas,candidate,"Candidate because soil moisture text includes moist, wet, or seasonal wetness.",Candidate view uses P6/P7 display fields; field-level use-case evidence remains in the P7 gap report.,5,not_ready
dry_sun,BCNPPD-0004,Camassia quamash,Common Camas,candidate,Candidate because sun exposure includes sun and soil moisture includes dry.,Candidate view uses P6/P7 display fields; field-level use-case evidence remains in the P7 gap report.,5,not_ready
pollinator_support,BCNPPD-0004,Camassia quamash,Common Camas,review_queue,Native PoC species should receive pollinator evidence review; this is not a PSI score.,Candidate view uses P6/P7 display fields; field-level use-case evidence remains in the P7 gap report.,5,not_ready
pollinator_support,BCNPPD-0071,Canada goldenrod,Solidago lepida,review_queue,Native PoC species should receive pollinator evidence review; this is not a PSI score.,Candidate view uses P6/P7 display fields; field-level use-case evidence remains in the P7 gap report.,5,not_ready
pollinator_support,BCNPPD-0072,Canada mint,Mentha canadensis,review_queue,Native PoC species should receive pollinator evidence review; this is not a PSI score.,Candidate view uses P6/P7 display fields; field-level use-case evidence remains in the P7 gap report.,5,not_ready
pollinator_support,BCNPPD-0073,Carex lenticularis var lipocarpa,Kellogg's Sedge,review_queue,Native PoC species should receive pollinator evidence review; this is not a PSI score.,Candidate view uses P6/P7 display fields; field-level use-case evidence remains in the P7 gap report.,5,not_ready
pollinator_support,BCNPPD-0074,Carex lyngbyei,Lyngbye's Sedge,review_queue,Native PoC species should receive pollinator evidence review; this is not a PSI score.,Candidate view uses P6/P7 display fields; field-level use-case evidence remains in the P7 gap report.,5,not_ready
rain_garden,BCNPPD-0020,Carex obnupta,Slough Sedge,candidate,"Candidate because soil moisture text includes moist, wet, or seasonal wetness.",Candidate view uses P6/P7 display fields; field-level use-case evidence remains in the P7 gap report.,5,not_ready
shade,BCNPPD-0020,Carex obnupta,Slough Sedge,candidate,Candidate because sun exposure includes shade.,Candidate view uses P6/P7 display fields; field-level use-case evidence remains in the P7 gap report.,5,not_ready
pollinator_support,BCNPPD-0020,Carex obnupta,Slough Sedge,review_queue,Native PoC species should receive pollinator evidence review; this is not a PSI score.,Candidate view uses P6/P7 display fields; field-level use-case evidence remains in the P7 gap report.,5,not_ready
pollinator_support,BCNPPD-0022,Chamaenerion angustifolium,fireweed,review_queue,Native PoC species should receive pollinator evidence review; this is not a PSI score.,Candidate view uses P6/P7 display fields; field-level use-case evidence remains in the P7 gap report.,5,not_ready
pollinator_support,BCNPPD-0075,Chamerion angustifolium ssp angustifolium,Fireweed,review_queue,Native PoC species should receive pollinator evidence review; this is not a PSI score.,Candidate view uses P6/P7 display fields; field-level use-case evidence remains in the P7 gap report.,5,not_ready
pollinator_support,BCNPPD-0076,Chocolate lily,Fritillaria affinis,review_queue,Native PoC species should receive pollinator evidence review; this is not a PSI score.,Candidate view uses P6/P7 display fields; field-level use-case evidence remains in the P7 gap report.,5,not_ready
pollinator_support,BCNPPD-0077,Clarkia amoena,Farewell-to-Spring,review_queue,Native PoC species should receive pollinator evidence review; this is not a PSI score.,Candidate view uses P6/P7 display fields; field-level use-case evidence remains in the P7 gap report.,5,not_ready
pollinator_support,BCNPPD-0078,Claytonia perfoliata,Miner's Lettuce,review_queue,Native PoC species should receive pollinator evidence review; this is not a PSI score.,Candidate view uses P6/P7 display fields; field-level use-case evidence remains in the P7 gap report.,5,not_ready
pollinator_support,BCNPPD-0023,Claytonia sibirica,Siberian miner's-lettuce,review_queue,Native PoC species should receive pollinator evidence review; this is not a PSI score.,Candidate view uses P6/P7 display fields; field-level use-case evidence remains in the P7 gap report.,5,not_ready
shade,BCNPPD-0016,Clinopodium douglasii,Yerba Buena,candidate,Candidate because sun exposure includes shade.,Candidate view uses P6/P7 display fields; field-level use-case evidence remains in the P7 gap report.,5,not_ready
pollinator_support,BCNPPD-0016,Clinopodium douglasii,Yerba Buena,review_queue,Native PoC species should receive pollinator evidence review; this is not a PSI score.,Candidate view uses P6/P7 display fields; field-level use-case evidence remains in the P7 gap report.,5,not_ready
pollinator_support,BCNPPD-0079,Clustered tarweed,Madia glomerata,review_queue,Native PoC species should receive pollinator evidence review; this is not a PSI score.,Candidate view uses P6/P7 display fields; field-level use-case evidence remains in the P7 gap report.,5,not_ready
pollinator_support,BCNPPD-0080,Coastal mugwort,Artemisia suksdorfii,review_queue,Native PoC species should receive pollinator evidence review; this is not a PSI score.,Candidate view uses P6/P7 display fields; field-level use-case evidence remains in the P7 gap report.,5,not_ready
pollinator_support,BCNPPD-0024,Collinsia grandiflora,large-flowered blue-eyed Mary,review_queue,Native PoC species should receive pollinator evidence review; this is not a PSI score.,Candidate view uses P6/P7 display fields; field-level use-case evidence remains in the P7 gap report.,5,not_ready
boulevard,BCNPPD-0015,Collinsia parviflora,Small-flowered Blue-eyed Mary,candidate,Candidate because urban toughness is at least 4 and sun exposure includes sun.,Candidate view uses P6/P7 display fields; field-level use-case evidence remains in the P7 gap report.,5,not_ready
dry_sun,BCNPPD-0015,Collinsia parviflora,Small-flowered Blue-eyed Mary,candidate,Candidate because sun exposure includes sun and soil moisture includes dry.,Candidate view uses P6/P7 display fields; field-level use-case evidence remains in the P7 gap report.,5,not_ready
shade,BCNPPD-0015,Collinsia parviflora,Small-flowered Blue-eyed Mary,candidate,Candidate because sun exposure includes shade.,Candidate view uses P6/P7 display fields; field-level use-case evidence remains in the P7 gap report.,5,not_ready
pollinator_support,BCNPPD-0015,Collinsia parviflora,Small-flowered Blue-eyed Mary,review_queue,Native PoC species should receive pollinator evidence review; this is not a PSI score.,Candidate view uses P6/P7 display fields; field-level use-case evidence remains in the P7 gap report.,5,not_ready
pollinator_support,BCNPPD-0081,Columbia brome,Bromus vulgaris,review_queue,Native PoC species should receive pollinator evidence review; this is not a PSI score.,Candidate view uses P6/P7 display fields; field-level use-case evidence remains in the P7 gap report.,5,not_ready
pollinator_support,BCNPPD-0082,Common camas,Camassia quamash ssp. maxima,review_queue,Native PoC species should receive pollinator evidence review; this is not a PSI score.,Candidate view uses P6/P7 display fields; field-level use-case evidence remains in the P7 gap report.,5,not_ready
pollinator_support,BCNPPD-0025,Cornus sericea,Red Osier Dogwood,review_queue,Native PoC species should receive pollinator evidence review; this is not a PSI score.,Candidate view uses P6/P7 display fields; field-level use-case evidence remains in the P7 gap report.,5,not_ready
pollinator_support,BCNPPD-0083,Cow parsnip,Heracleum maximum,review_queue,Native PoC species should receive pollinator evidence review; this is not a PSI score.,Candidate view uses P6/P7 display fields; field-level use-case evidence remains in the P7 gap report.,5,not_ready
pollinator_support,BCNPPD-0084,Crinkle-awned fescue,Festuca subuliflora,review_queue,Native PoC species should receive pollinator evidence review; this is not a PSI score.,Candidate view uses P6/P7 display fields; field-level use-case evidence remains in the P7 gap report.,5,not_ready
pollinator_support,BCNPPD-0085,Dagger-leaf rush,Juncus ensifolius,review_queue,Native PoC species should receive pollinator evidence review; this is not a PSI score.,Candidate view uses P6/P7 display fields; field-level use-case evidence remains in the P7 gap report.,5,not_ready
pollinator_support,BCNPPD-0086,Death camas,Toxicoscordion venenosum,review_queue,Native PoC species should receive pollinator evidence review; this is not a PSI score.,Candidate view uses P6/P7 display fields; field-level use-case evidence remains in the P7 gap report.,5,not_ready
pollinator_support,BCNPPD-0087,Delphinium menziesii,Menzies' Larkspur,review_queue,Native PoC species should receive pollinator evidence review; this is not a PSI score.,Candidate view uses P6/P7 display fields; field-level use-case evidence remains in the P7 gap report.,5,not_ready
rain_garden,BCNPPD-0010,Dicentra formosa,Pacific Bleeding Heart,candidate,"Candidate because soil moisture text includes moist, wet, or seasonal wetness.",Candidate view uses P6/P7 display fields; field-level use-case evidence remains in the P7 gap report.,5,not_ready
shade,BCNPPD-0010,Dicentra formosa,Pacific Bleeding Heart,candidate,Candidate because sun exposure includes shade.,Candidate view uses P6/P7 display fields; field-level use-case evidence remains in the P7 gap report.,5,not_ready
pollinator_support,BCNPPD-0010,Dicentra formosa,Pacific Bleeding Heart,review_queue,Native PoC species should receive pollinator evidence review; this is not a PSI score.,Candidate view uses P6/P7 display fields; field-level use-case evidence remains in the P7 gap report.,5,not_ready
pollinator_support,BCNPPD-0088,Entire-leaved gumweed,Grindelia stricta,review_queue,Native PoC species should receive pollinator evidence review; this is not a PSI score.,Candidate view uses P6/P7 display fields; field-level use-case evidence remains in the P7 gap report.,5,not_ready
pollinator_support,BCNPPD-0026,Erigeron philadelphicus,Philadelphia Fleabane,review_queue,Native PoC species should receive pollinator evidence review; this is not a PSI score.,Candidate view uses P6/P7 display fields; field-level use-case evidence remains in the P7 gap report.,5,not_ready
pollinator_support,BCNPPD-0089,Eriocoma lemmonii,Lemmon's Needle Grass,review_queue,Native PoC species should receive pollinator evidence review; this is not a PSI score.,Candidate view uses P6/P7 display fields; field-level use-case evidence remains in the P7 gap report.,5,not_ready
boulevard,BCNPPD-0012,Eriophyllum lanatum,Oregon Sunshine,candidate,Candidate because urban toughness is at least 4 and sun exposure includes sun.,Candidate view uses P6/P7 display fields; field-level use-case evidence remains in the P7 gap report.,5,not_ready
dry_sun,BCNPPD-0012,Eriophyllum lanatum,Oregon Sunshine,candidate,Candidate because sun exposure includes sun and soil moisture includes dry.,Candidate view uses P6/P7 display fields; field-level use-case evidence remains in the P7 gap report.,5,not_ready
pollinator_support,BCNPPD-0012,Eriophyllum lanatum,Oregon Sunshine,review_queue,Native PoC species should receive pollinator evidence review; this is not a PSI score.,Candidate view uses P6/P7 display fields; field-level use-case evidence remains in the P7 gap report.,5,not_ready
pollinator_support,BCNPPD-0090,Festuca roemeri,Roemer's Fescue,review_queue,Native PoC species should receive pollinator evidence review; this is not a PSI score.,Candidate view uses P6/P7 display fields; field-level use-case evidence remains in the P7 gap report.,5,not_ready
pollinator_support,BCNPPD-0054,Festuca rubra,red fescue,review_queue,Native PoC species should receive pollinator evidence review; this is not a PSI score.,Candidate view uses P6/P7 display fields; field-level use-case evidence remains in the P7 gap report.,5,not_ready
pollinator_support,BCNPPD-0091,Few-flowered shootingstar,Primula pauciflora var. pauciflora,review_queue,Native PoC species should receive pollinator evidence review; this is not a PSI score.,Candidate view uses P6/P7 display fields; field-level use-case evidence remains in the P7 gap report.,5,not_ready
pollinator_support,BCNPPD-0092,Field chickweed,Cerastium arvense,review_queue,Native PoC species should receive pollinator evidence review; this is not a PSI score.,Candidate view uses P6/P7 display fields; field-level use-case evidence remains in the P7 gap report.,5,not_ready
pollinator_support,BCNPPD-0027,Fragaria chiloensis,Coastal Strawberry,review_queue,Native PoC species should receive pollinator evidence review; this is not a PSI score.,Candidate view uses P6/P7 display fields; field-level use-case evidence remains in the P7 gap report.,5,not_ready
pollinator_support,BCNPPD-0050,Fragaria vesca,wood strawberry,review_queue,Native PoC species should receive pollinator evidence review; this is not a PSI score.,Candidate view uses P6/P7 display fields; field-level use-case evidence remains in the P7 gap report.,5,not_ready
boulevard,BCNPPD-0002,Fragaria virginiana,Wild Strawberry,candidate,Candidate because urban toughness is at least 4 and sun exposure includes sun.,Candidate view uses P6/P7 display fields; field-level use-case evidence remains in the P7 gap report.,5,not_ready
dry_sun,BCNPPD-0002,Fragaria virginiana,Wild Strawberry,candidate,Candidate because sun exposure includes sun and soil moisture includes dry.,Candidate view uses P6/P7 display fields; field-level use-case evidence remains in the P7 gap report.,5,not_ready
shade,BCNPPD-0002,Fragaria virginiana,Wild Strawberry,candidate,Candidate because sun exposure includes shade.,Candidate view uses P6/P7 display fields; field-level use-case evidence remains in the P7 gap report.,5,not_ready
pollinator_support,BCNPPD-0002,Fragaria virginiana,Wild Strawberry,review_queue,Native PoC species should receive pollinator evidence review; this is not a PSI score.,Candidate view uses P6/P7 display fields; field-level use-case evidence remains in the P7 gap report.,5,not_ready
pollinator_support,BCNPPD-0028,Gaultheria shallon,Salal,review_queue,Native PoC species should receive pollinator evidence review; this is not a PSI score.,Candidate view uses P6/P7 display fields; field-level use-case evidence remains in the P7 gap report.,5,not_ready
pollinator_support,BCNPPD-0029,Geum macrophyllum,Large-leaved Avens,review_queue,Native PoC species should receive pollinator evidence review; this is not a PSI score.,Candidate view uses P6/P7 display fields; field-level use-case evidence remains in the P7 gap report.,5,not_ready
pollinator_support,BCNPPD-0093,Golden sedge,Carex aurea,review_queue,Native PoC species should receive pollinator evidence review; this is not a PSI score.,Candidate view uses P6/P7 display fields; field-level use-case evidence remains in the P7 gap report.,5,not_ready
pollinator_support,BCNPPD-0094,Graceful cinquefoil,Potentilla gracilis var. gracilis,review_queue,Native PoC species should receive pollinator evidence review; this is not a PSI score.,Candidate view uses P6/P7 display fields; field-level use-case evidence remains in the P7 gap report.,5,not_ready
pollinator_support,BCNPPD-0095,Great camas,Camassia leichtlinii ssp. suksdorfii,review_queue,Native PoC species should receive pollinator evidence review; this is not a PSI score.,Candidate view uses P6/P7 display fields; field-level use-case evidence remains in the P7 gap report.,5,not_ready
pollinator_support,BCNPPD-0096,Green-sheathed sedge,Carex feta,review_queue,Native PoC species should receive pollinator evidence review; this is not a PSI score.,Candidate view uses P6/P7 display fields; field-level use-case evidence remains in the P7 gap report.,5,not_ready
pollinator_support,BCNPPD-0030,Grindelia stricta,Oregon gumweed,review_queue,Native PoC species should receive pollinator evidence review; this is not a PSI score.,Candidate view uses P6/P7 display fields; field-level use-case evidence remains in the P7 gap report.,5,not_ready
pollinator_support,BCNPPD-0097,Hairy gumweed,Grindelia hirsutula,review_queue,Native PoC species should receive pollinator evidence review; this is not a PSI score.,Candidate view uses P6/P7 display fields; field-level use-case evidence remains in the P7 gap report.,5,not_ready
pollinator_support,BCNPPD-0098,Hare sedge,Carex ovalis,review_queue,Native PoC species should receive pollinator evidence review; this is not a PSI score.,Candidate view uses P6/P7 display fields; field-level use-case evidence remains in the P7 gap report.,5,not_ready
pollinator_support,BCNPPD-0099,Harvest brodiaea,Brodiaea coronaria,review_queue,Native PoC species should receive pollinator evidence review; this is not a PSI score.,Candidate view uses P6/P7 display fields; field-level use-case evidence remains in the P7 gap report.,5,not_ready
pollinator_support,BCNPPD-0031,Holodiscus discolor,Ocean Spray,review_queue,Native PoC species should receive pollinator evidence review; this is not a PSI score.,Candidate view uses P6/P7 display fields; field-level use-case evidence remains in the P7 gap report.,5,not_ready
pollinator_support,BCNPPD-0100,Hypericum scouleri,Western St. John's-wort,review_queue,Native PoC species should receive pollinator evidence review; this is not a PSI score.,Candidate view uses P6/P7 display fields; field-level use-case evidence remains in the P7 gap report.,5,not_ready
pollinator_support,BCNPPD-0101,Inflated sedge,Carex exsiccata,review_queue,Native PoC species should receive pollinator evidence review; this is not a PSI score.,Candidate view uses P6/P7 display fields; field-level use-case evidence remains in the P7 gap report.,5,not_ready
pollinator_support,BCNPPD-0102,Jointed rush,Juncus articulatus,review_queue,Native PoC species should receive pollinator evidence review; this is not a PSI score.,Candidate view uses P6/P7 display fields; field-level use-case evidence remains in the P7 gap report.,5,not_ready
pollinator_support,BCNPPD-0103,Juncus bolanderi,Bolander's Rush,review_queue,Native PoC species should receive pollinator evidence review; this is not a PSI score.,Candidate view uses P6/P7 display fields; field-level use-case evidence remains in the P7 gap report.,5,not_ready
pollinator_support,BCNPPD-0104,Koeleria macrantha,Junegrass,review_queue,Native PoC species should receive pollinator evidence review; this is not a PSI score.,Candidate view uses P6/P7 display fields; field-level use-case evidence remains in the P7 gap report.,5,not_ready
pollinator_support,BCNPPD-0105,Large-flowered agoseris,Agoseris grandiflora,review_queue,Native PoC species should receive pollinator evidence review; this is not a PSI score.,Candidate view uses P6/P7 display fields; field-level use-case evidence remains in the P7 gap report.,5,not_ready
pollinator_support,BCNPPD-0106,Large-flowered collomia,Collomia grandiflora,review_queue,Native PoC species should receive pollinator evidence review; this is not a PSI score.,Candidate view uses P6/P7 display fields; field-level use-case evidence remains in the P7 gap report.,5,not_ready
pollinator_support,BCNPPD-0107,Large-leaved avens,Geum macrophyllum,review_queue,Native PoC species should receive pollinator evidence review; this is not a PSI score.,Candidate view uses P6/P7 display fields; field-level use-case evidence remains in the P7 gap report.,5,not_ready
pollinator_support,BCNPPD-0108,Large-leaved lupine,Lupinus polyphyllus ssp. pallidipes,review_queue,Native PoC species should receive pollinator evidence review; this is not a PSI score.,Candidate view uses P6/P7 display fields; field-level use-case evidence remains in the P7 gap report.,5,not_ready
pollinator_support,BCNPPD-0032,Lathyrus japonicus,Beach Pea,review_queue,Native PoC species should receive pollinator evidence review; this is not a PSI score.,Candidate view uses P6/P7 display fields; field-level use-case evidence remains in the P7 gap report.,5,not_ready
dry_sun,BCNPPD-0013,Lomatium nudicaule,Bare-stem Desert-parsley,candidate,Candidate because sun exposure includes sun and soil moisture includes dry.,Candidate view uses P6/P7 display fields; field-level use-case evidence remains in the P7 gap report.,5,not_ready
pollinator_support,BCNPPD-0013,Lomatium nudicaule,Bare-stem Desert-parsley,review_queue,Native PoC species should receive pollinator evidence review; this is not a PSI score.,Candidate view uses P6/P7 display fields; field-level use-case evidence remains in the P7 gap report.,5,not_ready
pollinator_support,BCNPPD-0033,Lonicera involucrata,Twinberry,review_queue,Native PoC species should receive pollinator evidence review; this is not a PSI score.,Candidate view uses P6/P7 display fields; field-level use-case evidence remains in the P7 gap report.,5,not_ready
pollinator_support,BCNPPD-0034,Lupinus bicolor,Lindley's Lupine,review_queue,Native PoC species should receive pollinator evidence review; this is not a PSI score.,Candidate view uses P6/P7 display fields; field-level use-case evidence remains in the P7 gap report.,5,not_ready
shade,BCNPPD-0018,Mahonia nervosa,Dull Oregon-grape,candidate,Candidate because sun exposure includes shade.,Candidate view uses P6/P7 display fields; field-level use-case evidence remains in the P7 gap report.,5,not_ready
pollinator_support,BCNPPD-0018,Mahonia nervosa,Dull Oregon-grape,review_queue,Native PoC species should receive pollinator evidence review; this is not a PSI score.,Candidate view uses P6/P7 display fields; field-level use-case evidence remains in the P7 gap report.,5,not_ready
rain_garden,BCNPPD-0019,Maianthemum dilatatum,False Lily-of-the-Valley,candidate,"Candidate because soil moisture text includes moist, wet, or seasonal wetness.",Candidate view uses P6/P7 display fields; field-level use-case evidence remains in the P7 gap report.,5,not_ready
shade,BCNPPD-0019,Maianthemum dilatatum,False Lily-of-the-Valley,candidate,Candidate because sun exposure includes shade.,Candidate view uses P6/P7 display fields; field-level use-case evidence remains in the P7 gap report.,5,not_ready
pollinator_support,BCNPPD-0019,Maianthemum dilatatum,False Lily-of-the-Valley,review_queue,Native PoC species should receive pollinator evidence review; this is not a PSI score.,Candidate view uses P6/P7 display fields; field-level use-case evidence remains in the P7 gap report.,5,not_ready
pollinator_support,BCNPPD-0035,Malus fusca,Pacific Crab Apple,review_queue,Native PoC species should receive pollinator evidence review; this is not a PSI score.,Candidate view uses P6/P7 display fields; field-level use-case evidence remains in the P7 gap report.,5,not_ready
pollinator_support,BCNPPD-0053,Matricaria discoidea,pineapple weed,review_queue,Native PoC species should receive pollinator evidence review; this is not a PSI score.,Candidate view uses P6/P7 display fields; field-level use-case evidence remains in the P7 gap report.,5,not_ready
pollinator_support,BCNPPD-0109,Meadow barley,Hordeum brachyantherum,review_queue,Native PoC species should receive pollinator evidence review; this is not a PSI score.,Candidate view uses P6/P7 display fields; field-level use-case evidence remains in the P7 gap report.,5,not_ready
pollinator_support,BCNPPD-0110,Melica harfordii,Harford's Melic,review_queue,Native PoC species should receive pollinator evidence review; this is not a PSI score.,Candidate view uses P6/P7 display fields; field-level use-case evidence remains in the P7 gap report.,5,not_ready
pollinator_support,BCNPPD-0111,Mountain sneezeweed,Helenium autumnale,review_queue,Native PoC species should receive pollinator evidence review; this is not a PSI score.,Candidate view uses P6/P7 display fields; field-level use-case evidence remains in the P7 gap report.,5,not_ready
pollinator_support,BCNPPD-0112,Mountain sweet-cicely,Osmorhiza berteroi,review_queue,Native PoC species should receive pollinator evidence review; this is not a PSI score.,Candidate view uses P6/P7 display fields; field-level use-case evidence remains in the P7 gap report.,5,not_ready
pollinator_support,BCNPPD-0113,Navarretia squarrosa,Skunkweed,review_queue,Native PoC species should receive pollinator evidence review; this is not a PSI score.,Candidate view uses P6/P7 display fields; field-level use-case evidence remains in the P7 gap report.,5,not_ready
pollinator_support,BCNPPD-0114,Nodding beggarticks,Bidens cernua,review_queue,Native PoC species should receive pollinator evidence review; this is not a PSI score.,Candidate view uses P6/P7 display fields; field-level use-case evidence remains in the P7 gap report.,5,not_ready
pollinator_support,BCNPPD-0115,Nodding onion,Allium cernuum,review_queue,Native PoC species should receive pollinator evidence review; this is not a PSI score.,Candidate view uses P6/P7 display fields; field-level use-case evidence remains in the P7 gap report.,5,not_ready
pollinator_support,BCNPPD-0036,Oemleria cerasiformis,Osoberry,review_queue,Native PoC species should receive pollinator evidence review; this is not a PSI score.,Candidate view uses P6/P7 display fields; field-level use-case evidence remains in the P7 gap report.,5,not_ready
pollinator_support,BCNPPD-0116,Olsynium douglasii,Satinflower,review_queue,Native PoC species should receive pollinator evidence review; this is not a PSI score.,Candidate view uses P6/P7 display fields; field-level use-case evidence remains in the P7 gap report.,5,not_ready
pollinator_support,BCNPPD-0117,One-sided sedge,Carex unilateralis,review_queue,Native PoC species should receive pollinator evidence review; this is not a PSI score.,Candidate view uses P6/P7 display fields; field-level use-case evidence remains in the P7 gap report.,5,not_ready
pollinator_support,BCNPPD-0118,Oval-leaved mitrewort,Pectiantia ovalis,review_queue,Native PoC species should receive pollinator evidence review; this is not a PSI score.,Candidate view uses P6/P7 display fields; field-level use-case evidence remains in the P7 gap report.,5,not_ready
pollinator_support,BCNPPD-0119,Pacific sanicle,Sanicula crassicaulis,review_queue,Native PoC species should receive pollinator evidence review; this is not a PSI score.,Candidate view uses P6/P7 display fields; field-level use-case evidence remains in the P7 gap report.,5,not_ready
pollinator_support,BCNPPD-0120,Pacific water-parsley,Oenanthe sarmentosa,review_queue,Native PoC species should receive pollinator evidence review; this is not a PSI score.,Candidate view uses P6/P7 display fields; field-level use-case evidence remains in the P7 gap report.,5,not_ready
pollinator_support,BCNPPD-0121,Pacific woodrush,Luzula comosa var. comosa,review_queue,Native PoC species should receive pollinator evidence review; this is not a PSI score.,Candidate view uses P6/P7 display fields; field-level use-case evidence remains in the P7 gap report.,5,not_ready
pollinator_support,BCNPPD-0122,Perideridia gairdneri,Yampah,review_queue,Native PoC species should receive pollinator evidence review; this is not a PSI score.,Candidate view uses P6/P7 display fields; field-level use-case evidence remains in the P7 gap report.,5,not_ready
pollinator_support,BCNPPD-0037,Physocarpus capitatus,Pacific Ninebark,review_queue,Native PoC species should receive pollinator evidence review; this is not a PSI score.,Candidate view uses P6/P7 display fields; field-level use-case evidence remains in the P7 gap report.,5,not_ready
pollinator_support,BCNPPD-0123,Plagiobothrys scouleri,Scouler's Popcornflower,review_queue,Native PoC species should receive pollinator evidence review; this is not a PSI score.,Candidate view uses P6/P7 display fields; field-level use-case evidence remains in the P7 gap report.,5,not_ready
boulevard,BCNPPD-0014,Plectritis congesta,Sea Blush,candidate,Candidate because urban toughness is at least 4 and sun exposure includes sun.,Candidate view uses P6/P7 display fields; field-level use-case evidence remains in the P7 gap report.,5,not_ready
rain_garden,BCNPPD-0014,Plectritis congesta,Sea Blush,candidate,"Candidate because soil moisture text includes moist, wet, or seasonal wetness.",Candidate view uses P6/P7 display fields; field-level use-case evidence remains in the P7 gap report.,5,not_ready
dry_sun,BCNPPD-0014,Plectritis congesta,Sea Blush,candidate,Candidate because sun exposure includes sun and soil moisture includes dry.,Candidate view uses P6/P7 display fields; field-level use-case evidence remains in the P7 gap report.,5,not_ready
pollinator_support,BCNPPD-0014,Plectritis congesta,Sea Blush,review_queue,Native PoC species should receive pollinator evidence review; this is not a PSI score.,Candidate view uses P6/P7 display fields; field-level use-case evidence remains in the P7 gap report.,5,not_ready
pollinator_support,BCNPPD-0124,Poa secunda,Sandberg's Bluegrass,review_queue,Native PoC species should receive pollinator evidence review; this is not a PSI score.,Candidate view uses P6/P7 display fields; field-level use-case evidence remains in the P7 gap report.,5,not_ready
pollinator_support,BCNPPD-0125,Poverty oatgrass,Danthonia spicata,review_queue,Native PoC species should receive pollinator evidence review; this is not a PSI score.,Candidate view uses P6/P7 display fields; field-level use-case evidence remains in the P7 gap report.,5,not_ready
pollinator_support,BCNPPD-0126,Prairie woodrush,Luzula subsessilis,review_queue,Native PoC species should receive pollinator evidence review; this is not a PSI score.,Candidate view uses P6/P7 display fields; field-level use-case evidence remains in the P7 gap report.,5,not_ready
pollinator_support,BCNPPD-0127,Prunella vulgaris ssp lanceolata,Self-heal,review_queue,Native PoC species should receive pollinator evidence review; this is not a PSI score.,Candidate view uses P6/P7 display fields; field-level use-case evidence remains in the P7 gap report.,5,not_ready
boulevard,BCNPPD-0003,Prunella vulgaris var. lanceolata,Lanceleaf Self-heal,candidate,Candidate because urban toughness is at least 4 and sun exposure includes sun.,Candidate view uses P6/P7 display fields; field-level use-case evidence remains in the P7 gap report.,5,not_ready
shade,BCNPPD-0003,Prunella vulgaris var. lanceolata,Lanceleaf Self-heal,candidate,Candidate because sun exposure includes shade.,Candidate view uses P6/P7 display fields; field-level use-case evidence remains in the P7 gap report.,5,not_ready
pollinator_support,BCNPPD-0003,Prunella vulgaris var. lanceolata,Lanceleaf Self-heal,review_queue,Native PoC species should receive pollinator evidence review; this is not a PSI score.,Candidate view uses P6/P7 display fields; field-level use-case evidence remains in the P7 gap report.,5,not_ready
pollinator_support,BCNPPD-0052,Pteridium aquilinum,bracken fern,review_queue,Native PoC species should receive pollinator evidence review; this is not a PSI score.,Candidate view uses P6/P7 display fields; field-level use-case evidence remains in the P7 gap report.,5,not_ready
pollinator_support,BCNPPD-0128,Red columbine,Aquilegia formosa,review_queue,Native PoC species should receive pollinator evidence review; this is not a PSI score.,Candidate view uses P6/P7 display fields; field-level use-case evidence remains in the P7 gap report.,5,not_ready
pollinator_support,BCNPPD-0129,Red maids,Calandrinia menziesii,review_queue,Native PoC species should receive pollinator evidence review; this is not a PSI score.,Candidate view uses P6/P7 display fields; field-level use-case evidence remains in the P7 gap report.,5,not_ready
pollinator_support,BCNPPD-0038,Ribes sanguineum,Red-flowering Currant,review_queue,Native PoC species should receive pollinator evidence review; this is not a PSI score.,Candidate view uses P6/P7 display fields; field-level use-case evidence remains in the P7 gap report.,5,not_ready
pollinator_support,BCNPPD-0039,Rosa nutkana,Nootka Rose,review_queue,Native PoC species should receive pollinator evidence review; this is not a PSI score.,Candidate view uses P6/P7 display fields; field-level use-case evidence remains in the P7 gap report.,5,not_ready
pollinator_support,BCNPPD-0040,Rubus parviflorus,Thimbleberry,review_queue,Native PoC species should receive pollinator evidence review; this is not a PSI score.,Candidate view uses P6/P7 display fields; field-level use-case evidence remains in the P7 gap report.,5,not_ready
pollinator_support,BCNPPD-0041,Rubus spectabilis,Salmonberry,review_queue,Native PoC species should receive pollinator evidence review; this is not a PSI score.,Candidate view uses P6/P7 display fields; field-level use-case evidence remains in the P7 gap report.,5,not_ready
pollinator_support,BCNPPD-0042,Salix discolor,Pussy Willow,review_queue,Native PoC species should receive pollinator evidence review; this is not a PSI score.,Candidate view uses P6/P7 display fields; field-level use-case evidence remains in the P7 gap report.,5,not_ready
pollinator_support,BCNPPD-0043,Sanicula crassicaulis,Pacific Sanicle,review_queue,Native PoC species should receive pollinator evidence review; this is not a PSI score.,Candidate view uses P6/P7 display fields; field-level use-case evidence remains in the P7 gap report.,5,not_ready
pollinator_support,BCNPPD-0130,Sea blush,Plectritis congesta,review_queue,Native PoC species should receive pollinator evidence review; this is not a PSI score.,Candidate view uses P6/P7 display fields; field-level use-case evidence remains in the P7 gap report.,5,not_ready
pollinator_support,BCNPPD-0131,Sea thrift,Armeria maritima,review_queue,Native PoC species should receive pollinator evidence review; this is not a PSI score.,Candidate view uses P6/P7 display fields; field-level use-case evidence remains in the P7 gap report.,5,not_ready
pollinator_support,BCNPPD-0132,Seacoast angelica,Angelica lucida,review_queue,Native PoC species should receive pollinator evidence review; this is not a PSI score.,Candidate view uses P6/P7 display fields; field-level use-case evidence remains in the P7 gap report.,5,not_ready
pollinator_support,BCNPPD-0133,Seaside plantain,Plantago maritima,review_queue,Native PoC species should receive pollinator evidence review; this is not a PSI score.,Candidate view uses P6/P7 display fields; field-level use-case evidence remains in the P7 gap report.,5,not_ready
pollinator_support,BCNPPD-0134,Shortspur sea blush,Plectritis brachystemon,review_queue,Native PoC species should receive pollinator evidence review; this is not a PSI score.,Candidate view uses P6/P7 display fields; field-level use-case evidence remains in the P7 gap report.,5,not_ready
pollinator_support,BCNPPD-0135,Sidalcea hendersonii,Henderson's Checkermallow,review_queue,Native PoC species should receive pollinator evidence review; this is not a PSI score.,Candidate view uses P6/P7 display fields; field-level use-case evidence remains in the P7 gap report.,5,not_ready
pollinator_support,BCNPPD-0051,Sisyrinchium idahoense,Idaho blue-eyed-grass,review_queue,Native PoC species should receive pollinator evidence review; this is not a PSI score.,Candidate view uses P6/P7 display fields; field-level use-case evidence remains in the P7 gap report.,5,not_ready
pollinator_support,BCNPPD-0136,Slender tarweed,Madia gracilis,review_queue,Native PoC species should receive pollinator evidence review; this is not a PSI score.,Candidate view uses P6/P7 display fields; field-level use-case evidence remains in the P7 gap report.,5,not_ready
pollinator_support,BCNPPD-0137,Slender-foot sedge,Carex leptopoda,review_queue,Native PoC species should receive pollinator evidence review; this is not a PSI score.,Candidate view uses P6/P7 display fields; field-level use-case evidence remains in the P7 gap report.,5,not_ready
pollinator_support,BCNPPD-0138,Slimleaf onion,Allium amplectens,review_queue,Native PoC species should receive pollinator evidence review; this is not a PSI score.,Candidate view uses P6/P7 display fields; field-level use-case evidence remains in the P7 gap report.,5,not_ready
pollinator_support,BCNPPD-0139,Slough sedge,Carex obnupta,review_queue,Native PoC species should receive pollinator evidence review; this is not a PSI score.,Candidate view uses P6/P7 display fields; field-level use-case evidence remains in the P7 gap report.,5,not_ready
pollinator_support,BCNPPD-0140,Small-flowered alumroot,Heuchera micrantha,review_queue,Native PoC species should receive pollinator evidence review; this is not a PSI score.,Candidate view uses P6/P7 display fields; field-level use-case evidence remains in the P7 gap report.,5,not_ready
pollinator_support,BCNPPD-0141,Small-flowered blue-eyed mary,Collinsia parviflora,review_queue,Native PoC species should receive pollinator evidence review; this is not a PSI score.,Candidate view uses P6/P7 display fields; field-level use-case evidence remains in the P7 gap report.,5,not_ready
pollinator_support,BCNPPD-0142,Small-flowered bulrush,Scirpus microcarpus,review_queue,Native PoC species should receive pollinator evidence review; this is not a PSI score.,Candidate view uses P6/P7 display fields; field-level use-case evidence remains in the P7 gap report.,5,not_ready
pollinator_support,BCNPPD-0143,Small-flowered fiddleneck,Amsinckia menziesii,review_queue,Native PoC species should receive pollinator evidence review; this is not a PSI score.,Candidate view uses P6/P7 display fields; field-level use-case evidence remains in the P7 gap report.,5,not_ready
pollinator_support,BCNPPD-0144,Small-flowered lupine,Lupinus polycarpus,review_queue,Native PoC species should receive pollinator evidence review; this is not a PSI score.,Candidate view uses P6/P7 display fields; field-level use-case evidence remains in the P7 gap report.,5,not_ready
pollinator_support,BCNPPD-0145,Small-flowered nemophila,Nemophila parviflora,review_queue,Native PoC species should receive pollinator evidence review; this is not a PSI score.,Candidate view uses P6/P7 display fields; field-level use-case evidence remains in the P7 gap report.,5,not_ready
pollinator_support,BCNPPD-0146,Soft-stemmed bulrush,Schoenoplectus tabernaemontani,review_queue,Native PoC species should receive pollinator evidence review; this is not a PSI score.,Candidate view uses P6/P7 display fields; field-level use-case evidence remains in the P7 gap report.,5,not_ready
pollinator_support,BCNPPD-0044,Solidago lepida,Canada Goldenrod,review_queue,Native PoC species should receive pollinator evidence review; this is not a PSI score.,Candidate view uses P6/P7 display fields; field-level use-case evidence remains in the P7 gap report.,5,not_ready
pollinator_support,BCNPPD-0147,Spike bentgrass,Agrostis exarata,review_queue,Native PoC species should receive pollinator evidence review; this is not a PSI score.,Candidate view uses P6/P7 display fields; field-level use-case evidence remains in the P7 gap report.,5,not_ready
pollinator_support,BCNPPD-0148,Spring gold,Lomatium utriculatum,review_queue,Native PoC species should receive pollinator evidence review; this is not a PSI score.,Candidate view uses P6/P7 display fields; field-level use-case evidence remains in the P7 gap report.,5,not_ready
pollinator_support,BCNPPD-0149,Stachys chamissonis var cooleyae,Hedge-nettle,review_queue,Native PoC species should receive pollinator evidence review; this is not a PSI score.,Candidate view uses P6/P7 display fields; field-level use-case evidence remains in the P7 gap report.,5,not_ready
pollinator_support,BCNPPD-0150,Sticky cinquefoil,Drymocallis glandulosa,review_queue,Native PoC species should receive pollinator evidence review; this is not a PSI score.,Candidate view uses P6/P7 display fields; field-level use-case evidence remains in the P7 gap report.,5,not_ready
pollinator_support,BCNPPD-0151,Stinging nettle,Urtica dioica ssp. gracilis,review_queue,Native PoC species should receive pollinator evidence review; this is not a PSI score.,Candidate view uses P6/P7 display fields; field-level use-case evidence remains in the P7 gap report.,5,not_ready
pollinator_support,BCNPPD-0152,Straight-beaked buttercup,Ranunculus orthorhynchus,review_queue,Native PoC species should receive pollinator evidence review; this is not a PSI score.,Candidate view uses P6/P7 display fields; field-level use-case evidence remains in the P7 gap report.,5,not_ready
pollinator_support,BCNPPD-0045,Symphoricarpos albus,Snowberry,review_queue,Native PoC species should receive pollinator evidence review; this is not a PSI score.,Candidate view uses P6/P7 display fields; field-level use-case evidence remains in the P7 gap report.,5,not_ready
pollinator_support,BCNPPD-0046,Symphyotrichum subspicatum,Douglas' aster,review_queue,Native PoC species should receive pollinator evidence review; this is not a PSI score.,Candidate view uses P6/P7 display fields; field-level use-case evidence remains in the P7 gap report.,5,not_ready
shade,BCNPPD-0006,Tellima grandiflora,Fringecup,candidate,Candidate because sun exposure includes shade.,Candidate view uses P6/P7 display fields; field-level use-case evidence remains in the P7 gap report.,5,not_ready
pollinator_support,BCNPPD-0006,Tellima grandiflora,Fringecup,review_queue,Native PoC species should receive pollinator evidence review; this is not a PSI score.,Candidate view uses P6/P7 display fields; field-level use-case evidence remains in the P7 gap report.,5,not_ready
pollinator_support,BCNPPD-0153,Thick-headed sedge,Carex pachystachya,review_queue,Native PoC species should receive pollinator evidence review; this is not a PSI score.,Candidate view uses P6/P7 display fields; field-level use-case evidence remains in the P7 gap report.,5,not_ready
rain_garden,BCNPPD-0007,Tiarella trifoliata,Foamflower,candidate,"Candidate because soil moisture text includes moist, wet, or seasonal wetness.",Candidate view uses P6/P7 display fields; field-level use-case evidence remains in the P7 gap report.,5,not_ready
shade,BCNPPD-0007,Tiarella trifoliata,Foamflower,candidate,Candidate because sun exposure includes shade.,Candidate view uses P6/P7 display fields; field-level use-case evidence remains in the P7 gap report.,5,not_ready
pollinator_support,BCNPPD-0007,Tiarella trifoliata,Foamflower,review_queue,Native PoC species should receive pollinator evidence review; this is not a PSI score.,Candidate view uses P6/P7 display fields; field-level use-case evidence remains in the P7 gap report.,5,not_ready
pollinator_support,BCNPPD-0154,Tomcat clover,Trifolium willdenovii,review_queue,Native PoC species should receive pollinator evidence review; this is not a PSI score.,Candidate view uses P6/P7 display fields; field-level use-case evidence remains in the P7 gap report.,5,not_ready
pollinator_support,BCNPPD-0155,Tower mustard,Turritis glabra,review_queue,Native PoC species should receive pollinator evidence review; this is not a PSI score.,Candidate view uses P6/P7 display fields; field-level use-case evidence remains in the P7 gap report.,5,not_ready
pollinator_support,BCNPPD-0156,Triteleia hyacinthina,Fool's Onion,review_queue,Native PoC species should receive pollinator evidence review; this is not a PSI score.,Candidate view uses P6/P7 display fields; field-level use-case evidence remains in the P7 gap report.,5,not_ready
pollinator_support,BCNPPD-0157,Tufted hairgrass,Deschampsia cespitosa,review_queue,Native PoC species should receive pollinator evidence review; this is not a PSI score.,Candidate view uses P6/P7 display fields; field-level use-case evidence remains in the P7 gap report.,5,not_ready
pollinator_support,BCNPPD-0047,Vaccinium ovalifolium,Oval-leaved Blueberry,review_queue,Native PoC species should receive pollinator evidence review; this is not a PSI score.,Candidate view uses P6/P7 display fields; field-level use-case evidence remains in the P7 gap report.,5,not_ready
pollinator_support,BCNPPD-0048,Vaccinium ovatum,Evergreen Huckleberry,review_queue,Native PoC species should receive pollinator evidence review; this is not a PSI score.,Candidate view uses P6/P7 display fields; field-level use-case evidence remains in the P7 gap report.,5,not_ready
pollinator_support,BCNPPD-0158,Vari-leaved collomia,Collomia heterophylla,review_queue,Native PoC species should receive pollinator evidence review; this is not a PSI score.,Candidate view uses P6/P7 display fields; field-level use-case evidence remains in the P7 gap report.,5,not_ready
pollinator_support,BCNPPD-0049,Vicia nigricans,black vetch,review_queue,Native PoC species should receive pollinator evidence review; this is not a PSI score.,Candidate view uses P6/P7 display fields; field-level use-case evidence remains in the P7 gap report.,5,not_ready
boulevard,BCNPPD-0008,Viola adunca,Early Blue Violet,candidate,Candidate because urban toughness is at least 4 and sun exposure includes sun.,Candidate view uses P6/P7 display fields; field-level use-case evidence remains in the P7 gap report.,5,not_ready
dry_sun,BCNPPD-0008,Viola adunca,Early Blue Violet,candidate,Candidate because sun exposure includes sun and soil moisture includes dry.,Candidate view uses P6/P7 display fields; field-level use-case evidence remains in the P7 gap report.,5,not_ready
shade,BCNPPD-0008,Viola adunca,Early Blue Violet,candidate,Candidate because sun exposure includes shade.,Candidate view uses P6/P7 display fields; field-level use-case evidence remains in the P7 gap report.,5,not_ready
pollinator_support,BCNPPD-0008,Viola adunca,Early Blue Violet,review_queue,Native PoC species should receive pollinator evidence review; this is not a PSI score.,Candidate view uses P6/P7 display fields; field-level use-case evidence remains in the P7 gap report.,5,not_ready
rain_garden,BCNPPD-0009,Viola glabella,Stream Violet,candidate,"Candidate because soil moisture text includes moist, wet, or seasonal wetness.",Candidate view uses P6/P7 display fields; field-level use-case evidence remains in the P7 gap report.,5,not_ready
shade,BCNPPD-0009,Viola glabella,Stream Violet,candidate,Candidate because sun exposure includes shade.,Candidate view uses P6/P7 display fields; field-level use-case evidence remains in the P7 gap report.,5,not_ready
pollinator_support,BCNPPD-0009,Viola glabella,Stream Violet,review_queue,Native PoC species should receive pollinator evidence review; this is not a PSI score.,Candidate view uses P6/P7 display fields; field-level use-case evidence remains in the P7 gap report.,5,not_ready
pollinator_support,BCNPPD-0159,Western buttercup,Ranunculus occidentalis,review_queue,Native PoC species should receive pollinator evidence review; this is not a PSI score.,Candidate view uses P6/P7 display fields; field-level use-case evidence remains in the P7 gap report.,5,not_ready
pollinator_support,BCNPPD-0160,Western fescue,Festuca occidentalis,review_queue,Native PoC species should receive pollinator evidence review; this is not a PSI score.,Candidate view uses P6/P7 display fields; field-level use-case evidence remains in the P7 gap report.,5,not_ready
pollinator_support,BCNPPD-0161,Western rush,Juncus occidentalis,review_queue,Native PoC species should receive pollinator evidence review; this is not a PSI score.,Candidate view uses P6/P7 display fields; field-level use-case evidence remains in the P7 gap report.,5,not_ready
pollinator_support,BCNPPD-0162,Western yellow cress,Rorippa curvisiliqua,review_queue,Native PoC species should receive pollinator evidence review; this is not a PSI score.,Candidate view uses P6/P7 display fields; field-level use-case evidence remains in the P7 gap report.,5,not_ready
pollinator_support,BCNPPD-0163,White fawn lily,Erythronium oregonum,review_queue,Native PoC species should receive pollinator evidence review; this is not a PSI score.,Candidate view uses P6/P7 display fields; field-level use-case evidence remains in the P7 gap report.,5,not_ready
pollinator_support,BCNPPD-0164,Woolly sunflower,Eriophyllum lanatum,review_queue,Native PoC species should receive pollinator evidence review; this is not a PSI score.,Candidate view uses P6/P7 display fields; field-level use-case evidence remains in the P7 gap report.,5,not_ready
pollinator_support,BCNPPD-0165,Yellow monkey-flower,Erythranthe guttata,review_queue,Native PoC species should receive pollinator evidence review; this is not a PSI score.,Candidate view uses P6/P7 display fields; field-level use-case evidence remains in the P7 gap report.,5,not_ready
pollinator_support,BCNPPD-0166,Yellow-eyed grass,Sisyrinchium californicum,review_queue,Native PoC species should receive pollinator evidence review; this is not a PSI score.,Candidate view uses P6/P7 display fields; field-level use-case evidence remains in the P7 gap report.,5,not_ready
