source_id,source_name,source_tier,citation,url,external_id,review_status,notes
SRC-0001,E-Flora BC,Tier 2,E-Flora BC. Candidate source from legacy workbook attribution.,https://linnet.geog.ubc.ca/Atlas/Atlas.aspx?noTransfer=0&sciname=Achillea+millefolium,,pending_review,Primary regional plant atlas
SRC-0002,Satinflower Nurseries,Tier 3,Satinflower Nurseries. Candidate source from legacy workbook attribution.,https://satinflower.ca/products/achillea-millefolium,,pending_review,"Use as practitioner source, not sole authority for ecological scoring"
SRC-0003,E-Flora BC,Tier 2,E-Flora BC. Candidate source from legacy workbook attribution.,https://linnet.geog.ubc.ca/Atlas/Atlas.aspx?noTransfer=0&sciname=Fragaria+virginiana,,pending_review,Primary regional plant atlas
SRC-0004,Satinflower Nurseries,Tier 3,Satinflower Nurseries. Candidate source from legacy workbook attribution.,https://satinflower.ca/,,pending_review,Product/species page to be added when verified
SRC-0005,E-Flora BC,Tier 2,E-Flora BC. Candidate source from legacy workbook attribution.,https://linnet.geog.ubc.ca/Atlas/Atlas.aspx?noTransfer=0&sciname=Prunella+vulgaris+var.+lanceolata,,pending_review,Primary regional plant atlas
SRC-0006,E-Flora BC,Tier 2,E-Flora BC. Candidate source from legacy workbook attribution.,https://linnet.geog.ubc.ca/Atlas/Atlas.aspx?noTransfer=0&sciname=Camassia+quamash,,pending_review,Primary regional plant atlas
SRC-0007,Satinflower Nurseries,Tier 3,Satinflower Nurseries. Candidate source from legacy workbook attribution.,https://satinflower.ca/products/camassia-quamash,,pending_review,"Use as practitioner source, not sole authority for ecological scoring"
SRC-0008,E-Flora BC,Tier 2,E-Flora BC. Candidate source from legacy workbook attribution.,https://linnet.geog.ubc.ca/Atlas/Atlas.aspx?noTransfer=0&sciname=Aquilegia+formosa,,pending_review,Primary regional plant atlas
SRC-0009,E-Flora BC,Tier 2,E-Flora BC. Candidate source from legacy workbook attribution.,https://linnet.geog.ubc.ca/Atlas/Atlas.aspx?noTransfer=0&sciname=Tellima+grandiflora,,pending_review,Primary regional plant atlas
SRC-0010,E-Flora BC,Tier 2,E-Flora BC. Candidate source from legacy workbook attribution.,https://linnet.geog.ubc.ca/Atlas/Atlas.aspx?noTransfer=0&sciname=Tiarella+trifoliata,,pending_review,Primary regional plant atlas
SRC-0011,E-Flora BC,Tier 2,E-Flora BC. Candidate source from legacy workbook attribution.,https://linnet.geog.ubc.ca/Atlas/Atlas.aspx?noTransfer=0&sciname=Viola+adunca,,pending_review,Primary regional plant atlas
SRC-0012,E-Flora BC,Tier 2,E-Flora BC. Candidate source from legacy workbook attribution.,https://linnet.geog.ubc.ca/Atlas/Atlas.aspx?noTransfer=0&sciname=Viola+glabella,,pending_review,Primary regional plant atlas
SRC-0013,E-Flora BC,Tier 2,E-Flora BC. Candidate source from legacy workbook attribution.,https://linnet.geog.ubc.ca/Atlas/Atlas.aspx?noTransfer=0&sciname=Dicentra+formosa,,pending_review,Primary regional plant atlas
SRC-0014,E-Flora BC,Tier 2,E-Flora BC. Candidate source from legacy workbook attribution.,https://linnet.geog.ubc.ca/Atlas/Atlas.aspx?noTransfer=0&sciname=Allium+cernuum,,pending_review,Primary regional plant atlas
SRC-0015,E-Flora BC,Tier 2,E-Flora BC. Candidate source from legacy workbook attribution.,https://linnet.geog.ubc.ca/Atlas/Atlas.aspx?noTransfer=0&sciname=Eriophyllum+lanatum,,pending_review,Primary regional plant atlas
SRC-0016,E-Flora BC,Tier 2,E-Flora BC. Candidate source from legacy workbook attribution.,https://linnet.geog.ubc.ca/Atlas/Atlas.aspx?noTransfer=0&sciname=Lomatium+nudicaule,,pending_review,Primary regional plant atlas
SRC-0017,E-Flora BC,Tier 2,E-Flora BC. Candidate source from legacy workbook attribution.,https://linnet.geog.ubc.ca/Atlas/Atlas.aspx?noTransfer=0&sciname=Plectritis+congesta,,pending_review,Primary regional plant atlas
SRC-0018,E-Flora BC,Tier 2,E-Flora BC. Candidate source from legacy workbook attribution.,https://linnet.geog.ubc.ca/Atlas/Atlas.aspx?noTransfer=0&sciname=Collinsia+parviflora,,pending_review,Primary regional plant atlas
SRC-0019,E-Flora BC,Tier 2,E-Flora BC. Candidate source from legacy workbook attribution.,https://linnet.geog.ubc.ca/Atlas/Atlas.aspx?noTransfer=0&sciname=Clinopodium+douglasii,,pending_review,Primary regional plant atlas
SRC-0020,E-Flora BC,Tier 2,E-Flora BC. Candidate source from legacy workbook attribution.,https://linnet.geog.ubc.ca/Atlas/Atlas.aspx?noTransfer=0&sciname=Arctostaphylos+uva-ursi,,pending_review,Primary regional plant atlas
SRC-0021,E-Flora BC,Tier 2,E-Flora BC. Candidate source from legacy workbook attribution.,https://linnet.geog.ubc.ca/Atlas/Atlas.aspx?noTransfer=0&sciname=Mahonia+nervosa,,pending_review,Primary regional plant atlas
SRC-0022,E-Flora BC,Tier 2,E-Flora BC. Candidate source from legacy workbook attribution.,https://linnet.geog.ubc.ca/Atlas/Atlas.aspx?noTransfer=0&sciname=Maianthemum+dilatatum,,pending_review,Primary regional plant atlas
SRC-0023,E-Flora BC,Tier 2,E-Flora BC. Candidate source from legacy workbook attribution.,https://linnet.geog.ubc.ca/Atlas/Atlas.aspx?noTransfer=0&sciname=Carex+obnupta,,pending_review,Primary regional plant atlas
SRC-0024,Native Plant Network,Tier 2,Native Plant Network. Candidate source from legacy workbook attribution.,https://npn.rngr.net/renderNPNProtocolDetails?selectedProtocolIds=asteraceae-achillea-11,,pending_review,"Yarrow protocol reports 4,700,000 seeds/kg and non-dormant seed"
SRC-0025,User-submitted Vancouver PoC expansion list,Tier 3,"User-submitted Vancouver PoC expansion list, 2026-07-02. Candidate inclusion request only.",,,pending_review,"Traceability source for requested candidate additions; not evidence for identity, native range, pollinator relationships, or planting suitability."
SRC-0026,E-Flora BC,Tier 2,E-Flora BC. Candidate common-name source for Chamaenerion angustifolium.,https://linnet.geog.ubc.ca/Atlas/Atlas.aspx?noTransfer=0&sciname=Chamaenerion+angustifolium,,pending_review,"Common-name support only; not evidence for traits, pollinator relationships, or planting suitability."
SRC-0027,E-Flora BC,Tier 2,E-Flora BC. Candidate common-name source for Claytonia sibirica.,https://linnet.geog.ubc.ca/Atlas/Atlas.aspx?noTransfer=0&sciname=Claytonia+sibirica,,pending_review,"Common-name support only; not evidence for traits, pollinator relationships, or planting suitability."
SRC-0028,E-Flora BC,Tier 2,E-Flora BC. Candidate common-name source for Collinsia grandiflora.,https://linnet.geog.ubc.ca/Atlas/Atlas.aspx?noTransfer=0&sciname=Collinsia+grandiflora,,pending_review,"Common-name support only; not evidence for traits, pollinator relationships, or planting suitability."
SRC-0029,E-Flora BC,Tier 2,E-Flora BC. Candidate common-name source for Grindelia stricta.,https://linnet.geog.ubc.ca/Atlas/Atlas.aspx?noTransfer=0&sciname=Grindelia+stricta,,pending_review,"Common-name support only; not evidence for traits, pollinator relationships, or planting suitability."
SRC-0030,E-Flora BC,Tier 2,E-Flora BC. Candidate common-name source for Symphyotrichum subspicatum.,https://linnet.geog.ubc.ca/Atlas/Atlas.aspx?noTransfer=0&sciname=Symphyotrichum+subspicatum,,pending_review,"Common-name support only; not evidence for traits, pollinator relationships, or planting suitability."
SRC-0031,E-Flora BC,Tier 2,E-Flora BC. Candidate common-name source for Vicia nigricans.,https://linnet.geog.ubc.ca/Atlas/Atlas.aspx?noTransfer=0&sciname=Vicia+nigricans,,pending_review,"Common-name support only; not evidence for traits, pollinator relationships, or planting suitability."
SRC-0032,E-Flora BC,Tier 2,E-Flora BC. Candidate common-name source for Fragaria vesca.,https://linnet.geog.ubc.ca/Atlas/Atlas.aspx?noTransfer=0&sciname=Fragaria+vesca,,pending_review,"Common-name support only; not evidence for traits, pollinator relationships, or planting suitability."
SRC-0033,E-Flora BC,Tier 2,E-Flora BC. Candidate common-name source for Sisyrinchium idahoense.,https://linnet.geog.ubc.ca/Atlas/Atlas.aspx?noTransfer=0&sciname=Sisyrinchium+idahoense,,pending_review,"Common-name support only; not evidence for traits, pollinator relationships, or planting suitability."
SRC-0034,E-Flora BC,Tier 2,E-Flora BC. Candidate common-name source for Pteridium aquilinum.,https://linnet.geog.ubc.ca/Atlas/Atlas.aspx?noTransfer=0&sciname=Pteridium+aquilinum,,pending_review,"Common-name support only; not evidence for traits, pollinator relationships, or planting suitability."
SRC-0035,E-Flora BC,Tier 2,E-Flora BC. Candidate common-name source for Matricaria discoidea.,https://linnet.geog.ubc.ca/Atlas/Atlas.aspx?noTransfer=0&sciname=Matricaria+discoidea,,pending_review,"Common-name support only; not evidence for traits, pollinator relationships, or planting suitability."
SRC-0036,Premier Pacific Seeds,Tier 3,Premier Pacific Seeds. Approved provider observation for Vancouver PoC sandbox.,https://premierpacificseeds.ca/products/,provider:PROV-PREMIER,pending_review,"Provider-approved observation remains candidate PoC data pending source, taxonomy, and ecological review."
SRC-0037,Satinflower Nurseries,Tier 3,Satinflower Nurseries. Approved provider observation for Vancouver PoC sandbox.,https://satinflower.ca/products/acmispon-americanus-spanish-clover,provider:PROV-SATIN,pending_review,"Provider-approved observation remains candidate PoC data pending source, taxonomy, and ecological review."
SRC-0038,Satinflower Nurseries,Tier 3,Satinflower Nurseries. Approved provider observation for Vancouver PoC sandbox.,https://satinflower.ca/products/melica-subulata,provider:PROV-SATIN,pending_review,"Provider-approved observation remains candidate PoC data pending source, taxonomy, and ecological review."
SRC-0039,Satinflower Nurseries,Tier 3,Satinflower Nurseries. Approved provider observation for Vancouver PoC sandbox.,https://satinflower.ca/products/american-winter-cress-barbarea-orthoceras,provider:PROV-SATIN,pending_review,"Provider-approved observation remains candidate PoC data pending source, taxonomy, and ecological review."
SRC-0040,Satinflower Nurseries,Tier 3,Satinflower Nurseries. Approved provider observation for Vancouver PoC sandbox.,https://satinflower.ca/products/antennaria-howellii,provider:PROV-SATIN,pending_review,"Provider-approved observation remains candidate PoC data pending source, taxonomy, and ecological review."
SRC-0041,Satinflower Nurseries,Tier 3,Satinflower Nurseries. Approved provider observation for Vancouver PoC sandbox.,https://satinflower.ca/products/carex-stipata,provider:PROV-SATIN,pending_review,"Provider-approved observation remains candidate PoC data pending source, taxonomy, and ecological review."
SRC-0042,Satinflower Nurseries,Tier 3,Satinflower Nurseries. Approved provider observation for Vancouver PoC sandbox.,https://satinflower.ca/products/lomatium-nudicaule,provider:PROV-SATIN,pending_review,"Provider-approved observation remains candidate PoC data pending source, taxonomy, and ecological review."
SRC-0043,Satinflower Nurseries,Tier 3,Satinflower Nurseries. Approved provider observation for Vancouver PoC sandbox.,https://satinflower.ca/products/lathyrus-japonicus,provider:PROV-SATIN,pending_review,"Provider-approved observation remains candidate PoC data pending source, taxonomy, and ecological review."
SRC-0044,Satinflower Nurseries,Tier 3,Satinflower Nurseries. Approved provider observation for Vancouver PoC sandbox.,https://satinflower.ca/products/carex-utriculata-beaked-sedge,provider:PROV-SATIN,pending_review,"Provider-approved observation remains candidate PoC data pending source, taxonomy, and ecological review."
SRC-0045,Satinflower Nurseries,Tier 3,Satinflower Nurseries. Approved provider observation for Vancouver PoC sandbox.,https://satinflower.ca/products/lupinus-bicolor,provider:PROV-SATIN,pending_review,"Provider-approved observation remains candidate PoC data pending source, taxonomy, and ecological review."
SRC-0046,Satinflower Nurseries,Tier 3,Satinflower Nurseries. Approved provider observation for Vancouver PoC sandbox.,https://satinflower.ca/products/elymus-glaucus,provider:PROV-SATIN,pending_review,"Provider-approved observation remains candidate PoC data pending source, taxonomy, and ecological review."
SRC-0047,Satinflower Nurseries,Tier 3,Satinflower Nurseries. Approved provider observation for Vancouver PoC sandbox.,https://satinflower.ca/products/sisyrinchium-idahoense,provider:PROV-SATIN,pending_review,"Provider-approved observation remains candidate PoC data pending source, taxonomy, and ecological review."
SRC-0048,Satinflower Nurseries,Tier 3,Satinflower Nurseries. Approved provider observation for Vancouver PoC sandbox.,https://satinflower.ca/products/primula-hendersonii,provider:PROV-SATIN,pending_review,"Provider-approved observation remains candidate PoC data pending source, taxonomy, and ecological review."
SRC-0049,Satinflower Nurseries,Tier 3,Satinflower Nurseries. Approved provider observation for Vancouver PoC sandbox.,https://satinflower.ca/products/sedum-spathulifolium,provider:PROV-SATIN,pending_review,"Provider-approved observation remains candidate PoC data pending source, taxonomy, and ecological review."
SRC-0050,Satinflower Nurseries,Tier 3,Satinflower Nurseries. Approved provider observation for Vancouver PoC sandbox.,https://satinflower.ca/products/symphyotrichum-chilense,provider:PROV-SATIN,pending_review,"Provider-approved observation remains candidate PoC data pending source, taxonomy, and ecological review."
SRC-0051,Satinflower Nurseries,Tier 3,Satinflower Nurseries. Approved provider observation for Vancouver PoC sandbox.,https://satinflower.ca/products/bromus-carinatus,provider:PROV-SATIN,pending_review,"Provider-approved observation remains candidate PoC data pending source, taxonomy, and ecological review."
SRC-0052,Satinflower Nurseries,Tier 3,Satinflower Nurseries. Approved provider observation for Vancouver PoC sandbox.,https://satinflower.ca/products/danthonia-californica,provider:PROV-SATIN,pending_review,"Provider-approved observation remains candidate PoC data pending source, taxonomy, and ecological review."
SRC-0053,Satinflower Nurseries,Tier 3,Satinflower Nurseries. Approved provider observation for Vancouver PoC sandbox.,https://satinflower.ca/products/solidago-lepida,provider:PROV-SATIN,pending_review,"Provider-approved observation remains candidate PoC data pending source, taxonomy, and ecological review."
SRC-0054,Satinflower Nurseries,Tier 3,Satinflower Nurseries. Approved provider observation for Vancouver PoC sandbox.,https://satinflower.ca/products/mentha-canadensis,provider:PROV-SATIN,pending_review,"Provider-approved observation remains candidate PoC data pending source, taxonomy, and ecological review."
SRC-0055,Satinflower Nurseries,Tier 3,Satinflower Nurseries. Approved provider observation for Vancouver PoC sandbox.,https://satinflower.ca/products/carex-lenticularis-var-lipocarpa,provider:PROV-SATIN,pending_review,"Provider-approved observation remains candidate PoC data pending source, taxonomy, and ecological review."
SRC-0056,Satinflower Nurseries,Tier 3,Satinflower Nurseries. Approved provider observation for Vancouver PoC sandbox.,https://satinflower.ca/products/carex-lyngbyei,provider:PROV-SATIN,pending_review,"Provider-approved observation remains candidate PoC data pending source, taxonomy, and ecological review."
SRC-0057,Satinflower Nurseries,Tier 3,Satinflower Nurseries. Approved provider observation for Vancouver PoC sandbox.,https://satinflower.ca/products/chamerion-angustifolium,provider:PROV-SATIN,pending_review,"Provider-approved observation remains candidate PoC data pending source, taxonomy, and ecological review."
SRC-0058,Satinflower Nurseries,Tier 3,Satinflower Nurseries. Approved provider observation for Vancouver PoC sandbox.,https://satinflower.ca/products/fritillaria-affinis,provider:PROV-SATIN,pending_review,"Provider-approved observation remains candidate PoC data pending source, taxonomy, and ecological review."
SRC-0059,Satinflower Nurseries,Tier 3,Satinflower Nurseries. Approved provider observation for Vancouver PoC sandbox.,https://satinflower.ca/products/clarkia-amoena,provider:PROV-SATIN,pending_review,"Provider-approved observation remains candidate PoC data pending source, taxonomy, and ecological review."
SRC-0060,Satinflower Nurseries,Tier 3,Satinflower Nurseries. Approved provider observation for Vancouver PoC sandbox.,https://satinflower.ca/products/claytonia-perfoliata,provider:PROV-SATIN,pending_review,"Provider-approved observation remains candidate PoC data pending source, taxonomy, and ecological review."
SRC-0061,Satinflower Nurseries,Tier 3,Satinflower Nurseries. Approved provider observation for Vancouver PoC sandbox.,https://satinflower.ca/products/claytonia-sibirica,provider:PROV-SATIN,pending_review,"Provider-approved observation remains candidate PoC data pending source, taxonomy, and ecological review."
SRC-0062,Satinflower Nurseries,Tier 3,Satinflower Nurseries. Approved provider observation for Vancouver PoC sandbox.,https://satinflower.ca/products/madia-glomerata,provider:PROV-SATIN,pending_review,"Provider-approved observation remains candidate PoC data pending source, taxonomy, and ecological review."
SRC-0063,Satinflower Nurseries,Tier 3,Satinflower Nurseries. Approved provider observation for Vancouver PoC sandbox.,https://satinflower.ca/products/artemisia-suksdorfii,provider:PROV-SATIN,pending_review,"Provider-approved observation remains candidate PoC data pending source, taxonomy, and ecological review."
SRC-0064,Satinflower Nurseries,Tier 3,Satinflower Nurseries. Approved provider observation for Vancouver PoC sandbox.,https://satinflower.ca/products/bromus-vulgaris,provider:PROV-SATIN,pending_review,"Provider-approved observation remains candidate PoC data pending source, taxonomy, and ecological review."
SRC-0065,Satinflower Nurseries,Tier 3,Satinflower Nurseries. Approved provider observation for Vancouver PoC sandbox.,https://satinflower.ca/products/cow-parsnip-heracleum-maximum,provider:PROV-SATIN,pending_review,"Provider-approved observation remains candidate PoC data pending source, taxonomy, and ecological review."
SRC-0066,Satinflower Nurseries,Tier 3,Satinflower Nurseries. Approved provider observation for Vancouver PoC sandbox.,https://satinflower.ca/products/festuca-subuliflora,provider:PROV-SATIN,pending_review,"Provider-approved observation remains candidate PoC data pending source, taxonomy, and ecological review."
SRC-0067,Satinflower Nurseries,Tier 3,Satinflower Nurseries. Approved provider observation for Vancouver PoC sandbox.,https://satinflower.ca/products/juncus-ensifolius,provider:PROV-SATIN,pending_review,"Provider-approved observation remains candidate PoC data pending source, taxonomy, and ecological review."
SRC-0068,Satinflower Nurseries,Tier 3,Satinflower Nurseries. Approved provider observation for Vancouver PoC sandbox.,https://satinflower.ca/products/toxicoscordion-venenosum,provider:PROV-SATIN,pending_review,"Provider-approved observation remains candidate PoC data pending source, taxonomy, and ecological review."
SRC-0069,Satinflower Nurseries,Tier 3,Satinflower Nurseries. Approved provider observation for Vancouver PoC sandbox.,https://satinflower.ca/products/delphinium-menziesii,provider:PROV-SATIN,pending_review,"Provider-approved observation remains candidate PoC data pending source, taxonomy, and ecological review."
SRC-0070,Satinflower Nurseries,Tier 3,Satinflower Nurseries. Approved provider observation for Vancouver PoC sandbox.,https://satinflower.ca/products/grindelia-stricta,provider:PROV-SATIN,pending_review,"Provider-approved observation remains candidate PoC data pending source, taxonomy, and ecological review."
SRC-0071,Satinflower Nurseries,Tier 3,Satinflower Nurseries. Approved provider observation for Vancouver PoC sandbox.,https://satinflower.ca/products/eriocoma-lemmonii,provider:PROV-SATIN,pending_review,"Provider-approved observation remains candidate PoC data pending source, taxonomy, and ecological review."
SRC-0072,Satinflower Nurseries,Tier 3,Satinflower Nurseries. Approved provider observation for Vancouver PoC sandbox.,https://satinflower.ca/products/festuca-roemeri,provider:PROV-SATIN,pending_review,"Provider-approved observation remains candidate PoC data pending source, taxonomy, and ecological review."
SRC-0073,Satinflower Nurseries,Tier 3,Satinflower Nurseries. Approved provider observation for Vancouver PoC sandbox.,https://satinflower.ca/products/primula-pauciflora-var-pauciflora,provider:PROV-SATIN,pending_review,"Provider-approved observation remains candidate PoC data pending source, taxonomy, and ecological review."
SRC-0074,Satinflower Nurseries,Tier 3,Satinflower Nurseries. Approved provider observation for Vancouver PoC sandbox.,https://satinflower.ca/products/cerastium-arvense,provider:PROV-SATIN,pending_review,"Provider-approved observation remains candidate PoC data pending source, taxonomy, and ecological review."
SRC-0075,Satinflower Nurseries,Tier 3,Satinflower Nurseries. Approved provider observation for Vancouver PoC sandbox.,https://satinflower.ca/products/carex-aurea-golden-sedge,provider:PROV-SATIN,pending_review,"Provider-approved observation remains candidate PoC data pending source, taxonomy, and ecological review."
SRC-0076,Satinflower Nurseries,Tier 3,Satinflower Nurseries. Approved provider observation for Vancouver PoC sandbox.,https://satinflower.ca/products/potentilla-gracilis-var-gracilis,provider:PROV-SATIN,pending_review,"Provider-approved observation remains candidate PoC data pending source, taxonomy, and ecological review."
SRC-0077,Satinflower Nurseries,Tier 3,Satinflower Nurseries. Approved provider observation for Vancouver PoC sandbox.,https://satinflower.ca/products/camassia-leichtlinii,provider:PROV-SATIN,pending_review,"Provider-approved observation remains candidate PoC data pending source, taxonomy, and ecological review."
SRC-0078,Satinflower Nurseries,Tier 3,Satinflower Nurseries. Approved provider observation for Vancouver PoC sandbox.,https://satinflower.ca/products/carex-feta,provider:PROV-SATIN,pending_review,"Provider-approved observation remains candidate PoC data pending source, taxonomy, and ecological review."
SRC-0079,Satinflower Nurseries,Tier 3,Satinflower Nurseries. Approved provider observation for Vancouver PoC sandbox.,https://satinflower.ca/products/grindelia-hirsutula,provider:PROV-SATIN,pending_review,"Provider-approved observation remains candidate PoC data pending source, taxonomy, and ecological review."
SRC-0080,Satinflower Nurseries,Tier 3,Satinflower Nurseries. Approved provider observation for Vancouver PoC sandbox.,https://satinflower.ca/products/carex-ovalis,provider:PROV-SATIN,pending_review,"Provider-approved observation remains candidate PoC data pending source, taxonomy, and ecological review."
SRC-0081,Satinflower Nurseries,Tier 3,Satinflower Nurseries. Approved provider observation for Vancouver PoC sandbox.,https://satinflower.ca/products/brodiaea-coronaria,provider:PROV-SATIN,pending_review,"Provider-approved observation remains candidate PoC data pending source, taxonomy, and ecological review."
SRC-0082,Satinflower Nurseries,Tier 3,Satinflower Nurseries. Approved provider observation for Vancouver PoC sandbox.,https://satinflower.ca/products/hypericum-scouleri,provider:PROV-SATIN,pending_review,"Provider-approved observation remains candidate PoC data pending source, taxonomy, and ecological review."
SRC-0083,Satinflower Nurseries,Tier 3,Satinflower Nurseries. Approved provider observation for Vancouver PoC sandbox.,https://satinflower.ca/products/carex-exsiccata,provider:PROV-SATIN,pending_review,"Provider-approved observation remains candidate PoC data pending source, taxonomy, and ecological review."
SRC-0084,Satinflower Nurseries,Tier 3,Satinflower Nurseries. Approved provider observation for Vancouver PoC sandbox.,https://satinflower.ca/products/juncus-articulatus,provider:PROV-SATIN,pending_review,"Provider-approved observation remains candidate PoC data pending source, taxonomy, and ecological review."
SRC-0085,Satinflower Nurseries,Tier 3,Satinflower Nurseries. Approved provider observation for Vancouver PoC sandbox.,https://satinflower.ca/products/juncus-bolanderi,provider:PROV-SATIN,pending_review,"Provider-approved observation remains candidate PoC data pending source, taxonomy, and ecological review."
SRC-0086,Satinflower Nurseries,Tier 3,Satinflower Nurseries. Approved provider observation for Vancouver PoC sandbox.,https://satinflower.ca/products/koeleria-macrantha,provider:PROV-SATIN,pending_review,"Provider-approved observation remains candidate PoC data pending source, taxonomy, and ecological review."
SRC-0087,Satinflower Nurseries,Tier 3,Satinflower Nurseries. Approved provider observation for Vancouver PoC sandbox.,https://satinflower.ca/products/agoseris-grandiflora,provider:PROV-SATIN,pending_review,"Provider-approved observation remains candidate PoC data pending source, taxonomy, and ecological review."
SRC-0088,Satinflower Nurseries,Tier 3,Satinflower Nurseries. Approved provider observation for Vancouver PoC sandbox.,https://satinflower.ca/products/collomia-grandiflora-large-flowered-collomia,provider:PROV-SATIN,pending_review,"Provider-approved observation remains candidate PoC data pending source, taxonomy, and ecological review."
SRC-0089,Satinflower Nurseries,Tier 3,Satinflower Nurseries. Approved provider observation for Vancouver PoC sandbox.,https://satinflower.ca/products/geum-macrophyllum,provider:PROV-SATIN,pending_review,"Provider-approved observation remains candidate PoC data pending source, taxonomy, and ecological review."
SRC-0090,Satinflower Nurseries,Tier 3,Satinflower Nurseries. Approved provider observation for Vancouver PoC sandbox.,https://satinflower.ca/products/lupinus-polyphyllus-ssp-pallidipes,provider:PROV-SATIN,pending_review,"Provider-approved observation remains candidate PoC data pending source, taxonomy, and ecological review."
SRC-0091,Satinflower Nurseries,Tier 3,Satinflower Nurseries. Approved provider observation for Vancouver PoC sandbox.,https://satinflower.ca/products/hordeum-brachyantherum,provider:PROV-SATIN,pending_review,"Provider-approved observation remains candidate PoC data pending source, taxonomy, and ecological review."
SRC-0092,Satinflower Nurseries,Tier 3,Satinflower Nurseries. Approved provider observation for Vancouver PoC sandbox.,https://satinflower.ca/products/harfords-melic-melica-harfordii,provider:PROV-SATIN,pending_review,"Provider-approved observation remains candidate PoC data pending source, taxonomy, and ecological review."
SRC-0093,Satinflower Nurseries,Tier 3,Satinflower Nurseries. Approved provider observation for Vancouver PoC sandbox.,https://satinflower.ca/products/helenium-autumnale-var-grandiflorum,provider:PROV-SATIN,pending_review,"Provider-approved observation remains candidate PoC data pending source, taxonomy, and ecological review."
SRC-0094,Satinflower Nurseries,Tier 3,Satinflower Nurseries. Approved provider observation for Vancouver PoC sandbox.,https://satinflower.ca/products/osmorhiza-berteroi,provider:PROV-SATIN,pending_review,"Provider-approved observation remains candidate PoC data pending source, taxonomy, and ecological review."
SRC-0095,Satinflower Nurseries,Tier 3,Satinflower Nurseries. Approved provider observation for Vancouver PoC sandbox.,https://satinflower.ca/products/navarretia-squarrosa,provider:PROV-SATIN,pending_review,"Provider-approved observation remains candidate PoC data pending source, taxonomy, and ecological review."
SRC-0096,Satinflower Nurseries,Tier 3,Satinflower Nurseries. Approved provider observation for Vancouver PoC sandbox.,https://satinflower.ca/products/bidens-cernua,provider:PROV-SATIN,pending_review,"Provider-approved observation remains candidate PoC data pending source, taxonomy, and ecological review."
SRC-0097,Satinflower Nurseries,Tier 3,Satinflower Nurseries. Approved provider observation for Vancouver PoC sandbox.,https://satinflower.ca/products/allium-cernuum,provider:PROV-SATIN,pending_review,"Provider-approved observation remains candidate PoC data pending source, taxonomy, and ecological review."
SRC-0098,Satinflower Nurseries,Tier 3,Satinflower Nurseries. Approved provider observation for Vancouver PoC sandbox.,https://satinflower.ca/products/olsynium-douglasii,provider:PROV-SATIN,pending_review,"Provider-approved observation remains candidate PoC data pending source, taxonomy, and ecological review."
SRC-0099,Satinflower Nurseries,Tier 3,Satinflower Nurseries. Approved provider observation for Vancouver PoC sandbox.,https://satinflower.ca/products/carex-unilateralis,provider:PROV-SATIN,pending_review,"Provider-approved observation remains candidate PoC data pending source, taxonomy, and ecological review."
SRC-0100,Satinflower Nurseries,Tier 3,Satinflower Nurseries. Approved provider observation for Vancouver PoC sandbox.,https://satinflower.ca/products/mitella-ovalis,provider:PROV-SATIN,pending_review,"Provider-approved observation remains candidate PoC data pending source, taxonomy, and ecological review."
SRC-0101,Satinflower Nurseries,Tier 3,Satinflower Nurseries. Approved provider observation for Vancouver PoC sandbox.,https://satinflower.ca/products/sanicula-crassicaulis,provider:PROV-SATIN,pending_review,"Provider-approved observation remains candidate PoC data pending source, taxonomy, and ecological review."
SRC-0102,Satinflower Nurseries,Tier 3,Satinflower Nurseries. Approved provider observation for Vancouver PoC sandbox.,https://satinflower.ca/products/oenanthe-sarmentosa,provider:PROV-SATIN,pending_review,"Provider-approved observation remains candidate PoC data pending source, taxonomy, and ecological review."
SRC-0103,Satinflower Nurseries,Tier 3,Satinflower Nurseries. Approved provider observation for Vancouver PoC sandbox.,https://satinflower.ca/products/luzula-comosa,provider:PROV-SATIN,pending_review,"Provider-approved observation remains candidate PoC data pending source, taxonomy, and ecological review."
SRC-0104,Satinflower Nurseries,Tier 3,Satinflower Nurseries. Approved provider observation for Vancouver PoC sandbox.,https://satinflower.ca/products/perideridia-gairdneri,provider:PROV-SATIN,pending_review,"Provider-approved observation remains candidate PoC data pending source, taxonomy, and ecological review."
SRC-0105,Satinflower Nurseries,Tier 3,Satinflower Nurseries. Approved provider observation for Vancouver PoC sandbox.,https://satinflower.ca/products/plagiobothrys-scouleri,provider:PROV-SATIN,pending_review,"Provider-approved observation remains candidate PoC data pending source, taxonomy, and ecological review."
SRC-0106,Satinflower Nurseries,Tier 3,Satinflower Nurseries. Approved provider observation for Vancouver PoC sandbox.,https://satinflower.ca/products/poa-secunda,provider:PROV-SATIN,pending_review,"Provider-approved observation remains candidate PoC data pending source, taxonomy, and ecological review."
SRC-0107,Satinflower Nurseries,Tier 3,Satinflower Nurseries. Approved provider observation for Vancouver PoC sandbox.,https://satinflower.ca/products/danthonia-spicata,provider:PROV-SATIN,pending_review,"Provider-approved observation remains candidate PoC data pending source, taxonomy, and ecological review."
SRC-0108,Satinflower Nurseries,Tier 3,Satinflower Nurseries. Approved provider observation for Vancouver PoC sandbox.,https://satinflower.ca/products/luzula-subsessilis,provider:PROV-SATIN,pending_review,"Provider-approved observation remains candidate PoC data pending source, taxonomy, and ecological review."
SRC-0109,Satinflower Nurseries,Tier 3,Satinflower Nurseries. Approved provider observation for Vancouver PoC sandbox.,https://satinflower.ca/products/prunella-vulgaris-ssp-lanceolata,provider:PROV-SATIN,pending_review,"Provider-approved observation remains candidate PoC data pending source, taxonomy, and ecological review."
SRC-0110,Satinflower Nurseries,Tier 3,Satinflower Nurseries. Approved provider observation for Vancouver PoC sandbox.,https://satinflower.ca/products/aquilegia-formosa,provider:PROV-SATIN,pending_review,"Provider-approved observation remains candidate PoC data pending source, taxonomy, and ecological review."
SRC-0111,Satinflower Nurseries,Tier 3,Satinflower Nurseries. Approved provider observation for Vancouver PoC sandbox.,https://satinflower.ca/products/calandrinia-ciliata,provider:PROV-SATIN,pending_review,"Provider-approved observation remains candidate PoC data pending source, taxonomy, and ecological review."
SRC-0112,Satinflower Nurseries,Tier 3,Satinflower Nurseries. Approved provider observation for Vancouver PoC sandbox.,https://satinflower.ca/products/plectritis-congesta,provider:PROV-SATIN,pending_review,"Provider-approved observation remains candidate PoC data pending source, taxonomy, and ecological review."
SRC-0113,Satinflower Nurseries,Tier 3,Satinflower Nurseries. Approved provider observation for Vancouver PoC sandbox.,https://satinflower.ca/products/armeria-maritima,provider:PROV-SATIN,pending_review,"Provider-approved observation remains candidate PoC data pending source, taxonomy, and ecological review."
SRC-0114,Satinflower Nurseries,Tier 3,Satinflower Nurseries. Approved provider observation for Vancouver PoC sandbox.,https://satinflower.ca/products/seacoast-angelica-angelica-lucida,provider:PROV-SATIN,pending_review,"Provider-approved observation remains candidate PoC data pending source, taxonomy, and ecological review."
SRC-0115,Satinflower Nurseries,Tier 3,Satinflower Nurseries. Approved provider observation for Vancouver PoC sandbox.,https://satinflower.ca/products/seaside-plantain-plantago-maritima,provider:PROV-SATIN,pending_review,"Provider-approved observation remains candidate PoC data pending source, taxonomy, and ecological review."
SRC-0116,Satinflower Nurseries,Tier 3,Satinflower Nurseries. Approved provider observation for Vancouver PoC sandbox.,https://satinflower.ca/products/plectritis-brachystemon-shortspur-sea-blush,provider:PROV-SATIN,pending_review,"Provider-approved observation remains candidate PoC data pending source, taxonomy, and ecological review."
SRC-0117,Satinflower Nurseries,Tier 3,Satinflower Nurseries. Approved provider observation for Vancouver PoC sandbox.,https://satinflower.ca/products/sidalcea-hendersonii,provider:PROV-SATIN,pending_review,"Provider-approved observation remains candidate PoC data pending source, taxonomy, and ecological review."
SRC-0118,Satinflower Nurseries,Tier 3,Satinflower Nurseries. Approved provider observation for Vancouver PoC sandbox.,https://satinflower.ca/products/madia-gracilis,provider:PROV-SATIN,pending_review,"Provider-approved observation remains candidate PoC data pending source, taxonomy, and ecological review."
SRC-0119,Satinflower Nurseries,Tier 3,Satinflower Nurseries. Approved provider observation for Vancouver PoC sandbox.,https://satinflower.ca/products/carex-leptopoda,provider:PROV-SATIN,pending_review,"Provider-approved observation remains candidate PoC data pending source, taxonomy, and ecological review."
SRC-0120,Satinflower Nurseries,Tier 3,Satinflower Nurseries. Approved provider observation for Vancouver PoC sandbox.,https://satinflower.ca/products/allium-amplectens,provider:PROV-SATIN,pending_review,"Provider-approved observation remains candidate PoC data pending source, taxonomy, and ecological review."
SRC-0121,Satinflower Nurseries,Tier 3,Satinflower Nurseries. Approved provider observation for Vancouver PoC sandbox.,https://satinflower.ca/products/carex-obnupta,provider:PROV-SATIN,pending_review,"Provider-approved observation remains candidate PoC data pending source, taxonomy, and ecological review."
SRC-0122,Satinflower Nurseries,Tier 3,Satinflower Nurseries. Approved provider observation for Vancouver PoC sandbox.,https://satinflower.ca/products/heuchera-micrantha,provider:PROV-SATIN,pending_review,"Provider-approved observation remains candidate PoC data pending source, taxonomy, and ecological review."
SRC-0123,Satinflower Nurseries,Tier 3,Satinflower Nurseries. Approved provider observation for Vancouver PoC sandbox.,https://satinflower.ca/products/collinsia-parviflora,provider:PROV-SATIN,pending_review,"Provider-approved observation remains candidate PoC data pending source, taxonomy, and ecological review."
SRC-0124,Satinflower Nurseries,Tier 3,Satinflower Nurseries. Approved provider observation for Vancouver PoC sandbox.,https://satinflower.ca/products/scirpus-microcarpus,provider:PROV-SATIN,pending_review,"Provider-approved observation remains candidate PoC data pending source, taxonomy, and ecological review."
SRC-0125,Satinflower Nurseries,Tier 3,Satinflower Nurseries. Approved provider observation for Vancouver PoC sandbox.,https://satinflower.ca/products/amsinckia-menziesii-small-flowered-fiddleneck,provider:PROV-SATIN,pending_review,"Provider-approved observation remains candidate PoC data pending source, taxonomy, and ecological review."
SRC-0126,Satinflower Nurseries,Tier 3,Satinflower Nurseries. Approved provider observation for Vancouver PoC sandbox.,https://satinflower.ca/products/lupinus-polycarpus-small-flowered-lupine,provider:PROV-SATIN,pending_review,"Provider-approved observation remains candidate PoC data pending source, taxonomy, and ecological review."
SRC-0127,Satinflower Nurseries,Tier 3,Satinflower Nurseries. Approved provider observation for Vancouver PoC sandbox.,https://satinflower.ca/products/nemophila-parviflora,provider:PROV-SATIN,pending_review,"Provider-approved observation remains candidate PoC data pending source, taxonomy, and ecological review."
SRC-0128,Satinflower Nurseries,Tier 3,Satinflower Nurseries. Approved provider observation for Vancouver PoC sandbox.,https://satinflower.ca/products/schoenoplectus-tabernaemontani,provider:PROV-SATIN,pending_review,"Provider-approved observation remains candidate PoC data pending source, taxonomy, and ecological review."
SRC-0129,Satinflower Nurseries,Tier 3,Satinflower Nurseries. Approved provider observation for Vancouver PoC sandbox.,https://satinflower.ca/products/agrostis-exarata-spike-bentgrass,provider:PROV-SATIN,pending_review,"Provider-approved observation remains candidate PoC data pending source, taxonomy, and ecological review."
SRC-0130,Satinflower Nurseries,Tier 3,Satinflower Nurseries. Approved provider observation for Vancouver PoC sandbox.,https://satinflower.ca/products/lomatium-utriculatum,provider:PROV-SATIN,pending_review,"Provider-approved observation remains candidate PoC data pending source, taxonomy, and ecological review."
SRC-0131,Satinflower Nurseries,Tier 3,Satinflower Nurseries. Approved provider observation for Vancouver PoC sandbox.,https://satinflower.ca/products/stachys-chamissonis,provider:PROV-SATIN,pending_review,"Provider-approved observation remains candidate PoC data pending source, taxonomy, and ecological review."
SRC-0132,Satinflower Nurseries,Tier 3,Satinflower Nurseries. Approved provider observation for Vancouver PoC sandbox.,https://satinflower.ca/products/drymocallis-glandulosa,provider:PROV-SATIN,pending_review,"Provider-approved observation remains candidate PoC data pending source, taxonomy, and ecological review."
SRC-0133,Satinflower Nurseries,Tier 3,Satinflower Nurseries. Approved provider observation for Vancouver PoC sandbox.,https://satinflower.ca/products/urtica-dioica,provider:PROV-SATIN,pending_review,"Provider-approved observation remains candidate PoC data pending source, taxonomy, and ecological review."
SRC-0134,Satinflower Nurseries,Tier 3,Satinflower Nurseries. Approved provider observation for Vancouver PoC sandbox.,https://satinflower.ca/products/ranunculus-orthorhynchus,provider:PROV-SATIN,pending_review,"Provider-approved observation remains candidate PoC data pending source, taxonomy, and ecological review."
SRC-0135,Satinflower Nurseries,Tier 3,Satinflower Nurseries. Approved provider observation for Vancouver PoC sandbox.,https://satinflower.ca/products/tellima-grandiflora,provider:PROV-SATIN,pending_review,"Provider-approved observation remains candidate PoC data pending source, taxonomy, and ecological review."
SRC-0136,Satinflower Nurseries,Tier 3,Satinflower Nurseries. Approved provider observation for Vancouver PoC sandbox.,https://satinflower.ca/products/carex-pachystachya,provider:PROV-SATIN,pending_review,"Provider-approved observation remains candidate PoC data pending source, taxonomy, and ecological review."
SRC-0137,Satinflower Nurseries,Tier 3,Satinflower Nurseries. Approved provider observation for Vancouver PoC sandbox.,https://satinflower.ca/products/trifolium-wildenowii,provider:PROV-SATIN,pending_review,"Provider-approved observation remains candidate PoC data pending source, taxonomy, and ecological review."
SRC-0138,Satinflower Nurseries,Tier 3,Satinflower Nurseries. Approved provider observation for Vancouver PoC sandbox.,https://satinflower.ca/products/turritis-glabra,provider:PROV-SATIN,pending_review,"Provider-approved observation remains candidate PoC data pending source, taxonomy, and ecological review."
SRC-0139,Satinflower Nurseries,Tier 3,Satinflower Nurseries. Approved provider observation for Vancouver PoC sandbox.,https://satinflower.ca/products/triteleia-hyacinthina,provider:PROV-SATIN,pending_review,"Provider-approved observation remains candidate PoC data pending source, taxonomy, and ecological review."
SRC-0140,Satinflower Nurseries,Tier 3,Satinflower Nurseries. Approved provider observation for Vancouver PoC sandbox.,https://satinflower.ca/products/deschampsia-cespitosa,provider:PROV-SATIN,pending_review,"Provider-approved observation remains candidate PoC data pending source, taxonomy, and ecological review."
SRC-0141,Satinflower Nurseries,Tier 3,Satinflower Nurseries. Approved provider observation for Vancouver PoC sandbox.,https://satinflower.ca/products/collomia-heterophylla,provider:PROV-SATIN,pending_review,"Provider-approved observation remains candidate PoC data pending source, taxonomy, and ecological review."
SRC-0142,Satinflower Nurseries,Tier 3,Satinflower Nurseries. Approved provider observation for Vancouver PoC sandbox.,https://satinflower.ca/products/ranunculus-occidentalis,provider:PROV-SATIN,pending_review,"Provider-approved observation remains candidate PoC data pending source, taxonomy, and ecological review."
SRC-0143,Satinflower Nurseries,Tier 3,Satinflower Nurseries. Approved provider observation for Vancouver PoC sandbox.,https://satinflower.ca/products/festuca-occidentalis,provider:PROV-SATIN,pending_review,"Provider-approved observation remains candidate PoC data pending source, taxonomy, and ecological review."
SRC-0144,Satinflower Nurseries,Tier 3,Satinflower Nurseries. Approved provider observation for Vancouver PoC sandbox.,https://satinflower.ca/products/juncus-occidentalis,provider:PROV-SATIN,pending_review,"Provider-approved observation remains candidate PoC data pending source, taxonomy, and ecological review."
SRC-0145,Satinflower Nurseries,Tier 3,Satinflower Nurseries. Approved provider observation for Vancouver PoC sandbox.,https://satinflower.ca/products/roripa-curvisiliqua,provider:PROV-SATIN,pending_review,"Provider-approved observation remains candidate PoC data pending source, taxonomy, and ecological review."
SRC-0146,Satinflower Nurseries,Tier 3,Satinflower Nurseries. Approved provider observation for Vancouver PoC sandbox.,https://satinflower.ca/products/erythronium-oregonum,provider:PROV-SATIN,pending_review,"Provider-approved observation remains candidate PoC data pending source, taxonomy, and ecological review."
SRC-0147,Satinflower Nurseries,Tier 3,Satinflower Nurseries. Approved provider observation for Vancouver PoC sandbox.,https://satinflower.ca/products/eriophyllum-lanatum,provider:PROV-SATIN,pending_review,"Provider-approved observation remains candidate PoC data pending source, taxonomy, and ecological review."
SRC-0148,Satinflower Nurseries,Tier 3,Satinflower Nurseries. Approved provider observation for Vancouver PoC sandbox.,https://satinflower.ca/products/erythranthe-guttata,provider:PROV-SATIN,pending_review,"Provider-approved observation remains candidate PoC data pending source, taxonomy, and ecological review."
SRC-0149,Satinflower Nurseries,Tier 3,Satinflower Nurseries. Approved provider observation for Vancouver PoC sandbox.,https://satinflower.ca/products/sisyrinchium-californicum,provider:PROV-SATIN,pending_review,"Provider-approved observation remains candidate PoC data pending source, taxonomy, and ecological review."
